"Facility ID","Lust ID","Confirmed Release","Cleanup Complete","Enforcement Effective","Enforcement Termination",Ec,Delete
1-050005,1085,01/06/1999,01/20/1999, , ,No,
1-050006,390,07/05/1994,12/12/1994, , ,No,
1-050015,54,06/11/1996,06/16/1997, , ,No,
1-050015,391,06/11/1996,06/11/1996, , ,No,
1-050016,389,08/12/1990,05/21/1997, , ,No,
1-050017,388,08/13/1990,02/03/1995, , ,No,
1-050025,55,06/22/1994,06/26/2002, , ,No,
1-050028,392,08/23/1994,12/01/1997, , ,No,
1-050050,56,04/10/1996,06/16/1998, , ,No,
1-050054,2357,03/20/2020,01/29/2021,03/20/2020,01/29/2021,No,
1-050055,393,11/29/1989,07/15/1993, , ,No,
1-050055,1058,10/21/1998,10/28/1998, , ,No,
1-050602,1064,06/28/1993,06/28/1993, , ,No,
1-050603,394,09/30/1993,11/25/1994, , ,No,
1-050606,1426,09/01/2007,10/05/2007,09/01/2007,10/09/2007,No,
1-050607,1673,04/21/2009,06/02/2009,04/21/2009,06/15/2009,No,
1-050611,2361,06/12/2020,07/08/2020,06/12/2020,07/08/2020,No,
1-090004,1186,05/23/2000,09/21/2000,05/23/2000,07/27/2001,No,
1-090006,329,07/15/1993,12/22/1995, , ,No,
1-090008,71,07/22/1993,06/08/2005,08/15/1995,06/08/2005,Yes,
1-090010,1187,11/01/2000,03/21/2001,11/01/2000,08/16/2001,No,
1-090011,70,07/19/1991,08/11/1999, , ,No,
1-090014,163,01/01/1991,10/16/2003,07/29/1998,10/16/2003,Yes,
1-090015,165,07/01/1994,10/16/2003,07/29/1998,10/16/2003,Yes,
1-090016,1125,09/22/1998,10/16/2003, , ,No,
1-090020,330,11/16/1991,02/07/1994, , ,No,
1-090022,331,07/15/1992,07/22/1994, , ,No,
1-090032,335,08/20/1992,12/22/1995, , ,No,
1-090033,336,04/08/1992,11/15/2007,04/08/1992,11/15/2007,No,
1-090044,2236,07/03/2003,01/09/2004, , ,No,
1-090045,334,08/31/1994,10/20/1994, , ,No,
1-090050,166,09/09/1994, ,05/07/2001, ,No,
1-090053,258,11/08/1995,11/20/1995, , ,No,
1-090058,428,05/18/1993,12/01/1995, , ,No,
1-090065,338,06/05/1991,11/22/1993, , ,No,
1-090065,2367,02/10/2021,01/06/2023,02/11/2021,01/06/2023,No,
1-090067,1005,02/15/1990,11/20/1992, , ,No,
1-090069,167,10/28/1992,12/14/1992, , ,No,
1-090072,332,04/08/1992,12/15/1994, , ,No,
1-090072,967,03/25/1998,01/08/1999, , ,No,
1-090073,1108,10/20/1998,11/29/1998, , ,No,
1-090078,1393,01/01/1998,08/17/2016,01/06/1998,05/22/2017,Yes,
1-090078,1394,10/24/2005,02/28/2013,04/11/2006,02/27/2013,No,
1-090079,1294,09/17/1999,09/17/1999,09/17/1999, ,No,
1-090081,1226,02/26/1997,02/24/2003, , ,No,
1-090081,1227,04/10/2001,02/24/2003,06/15/2001, ,No,
1-090082,339,11/01/1991,05/25/1994, , ,No,
1-090083,340,04/01/1992,09/28/1992, , ,No,
1-090088,341,08/27/1990,10/26/1994, , ,No,
1-090096,2240,05/04/1990,04/04/1994, , ,No,
1-090102,1256,10/27/1998,05/03/1999, , ,No,
1-090105,170,11/17/1997,06/01/2001, , ,No,
1-090107,342,06/30/1991,09/24/1997, , ,No,
1-090109,171,09/01/1989, ,11/27/2001, ,No,
1-090109,2248,06/04/2013, ,06/04/2013, ,No,
1-090110,172,05/23/1991,01/29/1999, , ,No,
1-090111,252,09/27/1991,04/22/1997, , ,No,
1-090111,1327,06/20/2005,08/01/2006,06/23/2005, ,No,
1-090112,253,08/07/1993,04/17/1997, , ,No,
1-090114,254,06/25/1991,11/02/1993, , ,No,
1-090116,173,01/11/1996,03/24/1998, , ,No,
1-090116,1143,05/05/2004,04/22/2005,04/28/2005, ,No,
1-090117,1008,01/12/1995,08/21/1998, , ,No,
1-090118,255,10/18/1994,10/26/1996, , ,No,
1-090120,256,11/17/1989,12/01/1994, , ,No,
1-090121,257,07/05/1990,07/12/1990, , ,No,
1-090125,1257,09/08/1998,02/26/1999, , ,No,
1-090129,259,08/21/1990,10/18/1991, , ,No,
1-090600,174,10/31/1991,06/12/2001, , ,No,
1-090604,260,10/05/1989,07/16/1990, , ,No,
1-090606,261,10/06/1989,12/08/1989, , ,No,
1-090607,262,11/06/1995,03/15/1996, , ,No,
1-090607,1723,11/02/2009,10/19/2012, , ,No,
1-090608,422,09/26/1992,06/19/1996, , ,No,
1-090608,423,09/15/1992,06/19/1996, , ,No,
1-090611,425,04/05/1993,04/01/1994, , ,No,
1-090613,1118,05/27/2003,06/25/2010, , ,No,
1-090618,333,11/20/1989,08/23/1994, , ,No,
1-090622,328,07/15/1993,07/22/1993, , ,No,
1-090623,164,08/01/1994,07/29/1998, , ,No,
1-090624,426,11/16/1994,03/27/1996, , ,No,
1-090626,427,03/29/1995,06/09/1995, , ,No,
1-090632,69,09/30/1997,08/22/2001, , ,No,
1-090636,2241,01/18/1994,12/13/1994, , ,No,
1-090642,1396,02/28/2007,04/01/2008,02/28/2007,05/06/2008,Yes,
1-090643,1056,10/19/1998,11/01/1999, , ,No,
1-090644,1062,12/07/1988,12/18/1998, , ,No,
1-090648,1225,04/12/2001,10/16/2003,04/12/2001, ,No,
1-090649,2310,10/24/2017,08/02/2018,10/24/2017,08/02/2018,No,
1-090652,1337,09/01/2003,09/27/2006,09/01/2003, ,No,
1-090656,1365,05/02/2006,08/02/2006,05/03/2006, ,No,
1-090659,2239,10/22/2010, ,10/22/2010, ,No,
1-090666,2335,12/18/2018,12/20/2021,12/20/2018,12/20/2021,No,
1-110001,625,09/19/1990,12/23/1990, , ,No,
1-110002,1353,03/06/2000,10/07/2002,06/01/2000, ,No,
1-110003,626,12/11/1991,12/03/1992, , ,No,
1-110005,6,06/08/1993,07/10/1997, , ,No,
1-110011,627,08/01/1990,12/23/1992, , ,No,
1-110025,628,07/26/1990,11/09/1990, , ,No,
1-110028,629,06/06/1991,04/22/1993, , ,No,
1-110032,535,09/09/1991,10/23/1991, , ,No,
1-110603,630,09/01/1995,12/06/1996, , ,No,
1-110606,2345,07/15/1994,04/16/1996, , ,No,
1-110606,2346,06/10/1998,07/30/1999, , ,No,
1-110608,632,06/16/1993,09/23/1994, , ,No,
1-110613,1006,07/22/1992,12/29/1992, , ,No,
1-110616,633,03/26/1996,12/17/1996, , ,No,
1-110618,176,06/05/1996,07/06/1998, , ,No,
1-110619,2172,05/04/2012,10/19/2012, , ,No,
1-280004,1265,05/18/1999,12/31/2002,05/18/1999, ,No,
1-280009,1698,04/22/2008,06/01/2009,04/22/2008,07/21/2009,Yes,
1-280019,2406,06/16/2023,11/29/2023,06/16/2023,11/29/2023,No,
1-280021,769,01/29/1991,03/03/1993, , ,No,
1-280023,775,10/16/1995,02/06/1996, , ,No,
1-280023,2171,06/15/2012,10/01/2012, , ,No,
1-280024,776,06/01/1990,03/09/1994, , ,No,
1-280025,777,07/12/1990,09/06/1990, , ,No,
1-280028,778,02/18/1993,06/09/1993, , ,No,
1-280031,779,04/16/1991,04/05/1993, , ,No,
1-280032,780,06/09/1992,06/27/1994, , ,No,
1-280033,781,05/12/1993,06/23/1993, , ,No,
1-280035,2031,10/20/2011,05/22/2017,10/20/2011,05/22/2017,Yes,
1-280035,2233,07/26/2012,05/22/2017,07/26/2012,05/22/2017,Yes,
1-280036,1084,01/19/1999,01/27/2005, , ,No,
1-280043,782,09/21/1989,09/21/1990, , ,No,
1-280044,105,10/21/1994,10/16/2003, , ,No,
1-280047,637,05/10/1990,11/05/1992, , ,No,
1-280056,638,02/18/1993,02/22/1996, , ,No,
1-280058,639,07/20/1989,04/19/1993, , ,No,
1-280062,640,09/17/1992,01/12/1994, , ,No,
1-280065,5,01/16/2006,08/21/2007,12/05/2006, ,No,
1-280065,106,07/06/1990,06/07/2004, , ,No,
1-280068,641,08/12/1992,10/13/1994, , ,No,
1-280069,770,01/05/1990,03/15/1990, , ,No,
1-280076,1604,12/05/2008,11/20/2009, , ,No,
1-280076,2304,05/04/2017,09/14/2017,05/04/2017,09/14/2017,No,
1-280077,1743,12/17/2009,08/27/2012, , ,No,
1-280079,642,03/18/1993,07/01/1993, , ,No,
1-280087,643,06/25/1991,08/02/1993, , ,No,
1-280088,644,03/03/1992,10/06/1993, , ,No,
1-280093,645,02/28/1991,10/21/1992, , ,No,
1-280094,646,03/21/1990,03/15/1991, , ,No,
1-280095,647,11/04/1991,03/01/1994, , ,No,
1-280096,648,08/15/1990,09/28/1990, , ,No,
1-280105,1269,08/11/1999,04/10/2000,08/17/1999, ,No,
1-280106,649,05/25/1995,11/06/1996, , ,No,
1-280109,650,01/26/1995,08/22/1995, , ,No,
1-280118,651,03/01/1990,08/08/1990, , ,No,
1-280128,108,08/04/1994,07/15/1998, , ,No,
1-280133,652,01/11/1991,05/10/1991, , ,No,
1-280135,653,05/25/1989,08/18/1993, , ,No,
1-280136,107,10/06/1997,04/30/1998, , ,No,
1-280139,109,02/10/1997,04/16/1998,01/08/1998,04/16/1998,No,
1-280139,1305,09/02/1999,01/29/2001,09/02/1999, ,No,
1-280139,2247,06/14/2013,07/21/2016,06/14/2013,07/21/2016,No,
1-280140,1117,04/01/2003,08/19/2004,04/01/2003, ,No,
1-280141,654,03/31/1992,02/10/1994, , ,No,
1-280143,655,03/17/1992,01/06/1993, , ,No,
1-280145,656,11/01/1991,02/24/1993, , ,No,
1-280155,1007,07/19/1990,03/28/1991, , ,No,
1-280157,169,02/26/1997,04/28/2004, , ,No,
1-280163,657,03/07/1996,12/03/1997, , ,No,
1-280165,2410,05/03/2023,08/10/2023,05/03/2023,08/10/2023,No,
1-280174,658,12/07/1989,11/22/1993, , ,No,
1-280177,659,06/19/1982,11/08/1991, , ,No,
1-280199,660,06/05/1990,12/23/1994, , ,No,
1-280201,771,06/05/1990,04/15/1994, , ,No,
1-280203,661,10/18/1988,01/01/1989, , ,No,
1-280209,662,03/05/1992,03/05/1992, , ,No,
1-280221,773,10/17/1990,04/15/1993, , ,No,
1-280226,663,04/01/1990,06/19/1995, , ,No,
1-280601,664,03/01/1990,10/01/1992, , ,No,
1-280607,665,08/17/1993,11/17/1993, , ,No,
1-280610,2091,11/03/2011,02/26/2013, , ,No,
1-280626,666,05/11/1993,04/29/1994, , ,No,
1-280629,667,05/27/1993,07/22/1996, , ,No,
1-280630,668,05/02/1991,08/08/1991, , ,No,
1-280636,669,12/03/1992,06/27/1994, , ,No,
1-280649,774,09/27/1989,06/15/1993, , ,No,
1-280650,670,01/27/1994,12/22/1995, , ,No,
1-280650,2300,08/13/2013,08/23/2019,08/13/2013,08/23/2019,No,
1-280651,1324,03/03/2005,08/02/2005, , ,No,
1-280658,772,12/23/1990,03/15/1994, , ,No,
1-280658,1171,10/05/1998,04/06/1999, , ,No,
1-280658,2407,08/03/2023,01/17/2024,08/03/2023,01/17/2024,No,
1-280666,671,07/14/1994,07/25/1994, , ,No,
1-280672,672,06/28/1995,11/20/1995, , ,No,
1-280683,847,08/18/1997,08/20/1997, , ,No,
1-280693,1003,02/02/1998,04/30/1998, , ,No,
1-280694,2331,09/11/2018,12/08/2020,09/11/2018,12/08/2020,No,
1-280696,1009,04/15/1985,11/16/1998, , ,No,
1-280698,1010,02/12/1993,08/06/1993, , ,No,
1-280699,1011,10/01/1991,12/22/1993, , ,No,
1-280704,1063,04/14/1992,03/01/1994, , ,No,
1-280720,1153,08/01/2000,08/01/2000, , ,No,
1-400005,1233,06/13/2001,08/01/2005,06/13/2001, ,No,
1-400013,792,08/12/1991,11/17/1993, , ,No,
1-400015,787,10/23/1990,07/16/1992, , ,No,
1-400017,793,06/08/1993,07/03/1995, , ,No,
1-400020,2369,10/13/2020,05/27/2021,10/13/2020,05/27/2021,No,
1-400024,794,11/19/1991,11/27/1991, , ,No,
1-400025,795,11/27/1991,12/01/1992, , ,No,
1-400028,790,10/27/1989,11/17/1993, , ,No,
1-400028,796,12/15/1989,10/14/1993, , ,No,
1-400035,797,10/13/1994,09/15/1997, , ,No,
1-400037,798,10/21/1991,05/25/1994, , ,No,
1-400038,799,09/23/1992,12/03/1992, , ,No,
1-400040,1057,09/14/1998,11/10/1998, , ,No,
1-400043,1708,09/01/2009,08/16/2010, , ,No,
1-400043,2425,09/10/2024, ,10/01/2024, ,No,
1-400044,1089,10/27/1998,12/18/1998, , ,No,
1-400051,800,03/20/1992,07/19/1995, , ,No,
1-400053,838,11/03/1987,03/16/1993, , ,No,
1-400059,788,11/01/1984,09/06/1995, , ,No,
1-400059,2408,08/07/2023,12/16/2024,08/07/2023,12/16/2024,No,
1-400060,1603,11/20/2008,05/15/2009, , ,No,
1-400064,839,10/02/1991,06/23/1993, , ,No,
1-400065,840,08/29/1990,04/23/1993, , ,No,
1-400600,841,02/22/1993,12/23/1993, , ,No,
1-400600,1291,12/16/1999,04/26/2000,12/16/1999, ,No,
1-400601,842,11/08/1991,11/22/1993, , ,No,
1-400602,843,09/30/1991,12/23/1991, , ,No,
1-400604,844,09/17/1991,01/31/1992, , ,No,
1-400610,1266,09/22/1998,12/31/2002,02/18/1999, ,No,
1-400612,845,04/07/1993,04/06/1994, , ,No,
1-400614,791,01/26/1994,11/22/1994, , ,No,
1-400616,789,09/14/1992,05/24/1993, , ,No,
1-400622,846,08/04/1994,11/23/1994, , ,No,
1-400623,144,08/11/1994,06/30/2000,11/27/1996,06/30/2000,No,
1-400625,145,12/24/1996,01/12/2001, , ,No,
1-400626,970,04/01/1998,04/03/2001, , ,No,
1-400628,1060,05/20/1993,06/17/1993, , ,No,
1-400629,1328,04/07/2005,04/16/2007,12/05/2006, ,No,
2-180601,1193,10/29/1999,11/05/1999, , ,No,
2-180611,961,10/28/1991,06/03/1996, , ,No,
2-180613,1748,12/30/2009,03/15/2017,12/30/2009,03/15/2017,Yes,
2-250003,2360,05/12/2020,09/02/2021,05/12/2020,09/02/2021,No,
2-250005,1195,12/28/1998,09/16/1999, , ,No,
2-250008,2232,09/30/2011,08/13/2024,09/30/2011,08/13/2024,Yes,
2-250013,740,06/30/1992,06/30/1992, , ,No,
2-250022,741,07/31/1997,08/08/1997, , ,No,
2-250035,742,06/30/1992,07/30/1992, , ,No,
2-250042,743,06/08/1995,08/30/1995, , ,No,
2-250044,1196,11/16/1999,11/16/1999, , ,No,
2-250048,869,07/20/1998,09/01/1998, , ,No,
2-250069,744,06/30/1992,06/30/1992, , ,No,
2-250072,997,06/30/1992,08/30/1992, , ,No,
2-250083,962,04/29/1996,09/16/1997, , ,No,
2-250087,738,06/30/1992,06/30/1992, , ,No,
2-250091,745,07/08/1993,10/15/1993, , ,No,
2-250095,1059,08/22/1998,08/22/1998, , ,No,
2-250099,746,05/04/1994,06/15/1994, , ,No,
2-250612,1192,12/09/1997,01/28/2001, , ,No,
2-250614,101,11/18/1997,05/05/1998, , ,No,
2-250618,960,06/30/1992,10/30/2001, , ,No,
2-250625,1728,11/10/2009,07/15/2010, , ,No,
2-250630,2362,06/04/2020,11/18/2021,07/23/2020,11/18/2021,Yes,
2-290005,111,06/30/1992,06/01/2001, , ,No,
2-290014,675,09/03/1993,02/01/1994, , ,No,
2-290016,112,09/08/1995,12/19/2001, , ,No,
2-290021,676,06/30/1992,03/01/1993, , ,No,
2-290026,677,06/30/1992,06/30/1992, , ,No,
2-290030,2253,01/01/1999,04/19/2002,01/01/1999,04/19/2002,No,
2-290030,2275,12/01/2013,08/03/2016,12/12/2013,08/03/2016,Yes,
2-290032,110,05/15/1993,07/01/2002, , ,No,
2-290038,113,10/26/1992,10/24/2014,11/21/2006, ,No,
2-290041,1030,06/09/1998,03/14/2001, , ,No,
2-290049,678,06/30/1992,01/09/1997, , ,No,
2-290053,114,06/30/1992,04/25/2001,06/09/1998,06/04/2001,No,
2-290053,1648,03/19/2009,02/15/2022,04/22/2010,03/03/2022,Yes,
2-290055,1598,07/09/2008,06/08/2018,07/10/2008,06/08/2018,Yes,
2-290056,116,06/04/1996,02/03/1998, , ,No,
2-290059,119,06/30/1992,01/15/1997, , ,No,
2-290059,679,06/30/1992,06/30/1992, , ,No,
2-290064,680,05/18/1989,02/11/2022, , ,No,
2-290064,2342,05/28/2019,02/11/2022,05/28/2019,02/11/2022,No,
2-290066,115,02/01/1993,02/26/2002, , ,No,
2-290071,681,06/30/1992,05/30/1997, , ,No,
2-290080,117,10/30/1990,08/27/2004,10/30/1990,08/27/2004,Yes,
2-290090,118,06/30/1992,11/02/2001, , ,No,
2-290097,120,06/30/1992,07/11/2001, , ,No,
2-290098,682,06/30/1992,06/30/1992, , ,No,
2-290600,1436,01/01/2002, ,10/16/2024, ,No,
2-290600,1851,01/13/2011, ,10/16/2024, ,No,
2-290601,121,12/06/1995,10/23/2001, , ,No,
2-290602,122,08/01/1995,09/10/2001, , ,No,
2-290605,674,06/30/1992,06/30/1994, , ,No,
2-290608,934,01/20/1994,05/01/1995, , ,No,
2-290609,683,08/01/1995,12/26/2000, , ,No,
2-290619,673,01/28/1994,08/31/1994, , ,No,
2-290626,964,06/30/1992,10/03/1996, , ,No,
2-290627,963,06/30/1991,06/30/1991, , ,No,
2-290628,1170,08/04/1998,08/21/1998, , ,No,
2-290630,1191,12/16/1998,12/16/1998, , ,No,
2-290631,1204,07/29/1998,04/02/2001,07/30/1998, ,No,
2-290632,1653,04/27/2009,09/30/2011, , ,No,
2-290636,2054,01/01/2011,01/13/2016,01/01/2011,01/13/2016,Yes,
2-290644,2287,05/25/2016,07/10/2019,05/25/2016,07/10/2019,Yes,
2-350005,276,05/01/1992,05/01/1992, , ,No,
2-350034,279,12/03/1992,12/30/1993, , ,No,
2-350036,280,04/26/1996,04/26/1996, , ,No,
2-350038,130,06/30/1992,09/02/1998, , ,No,
2-350038,2319,05/07/2018,10/03/2019,05/07/2018,10/03/2019,No,
2-350043,2053,01/03/2011,11/07/2011,01/03/2011,11/07/2011,No,
2-350043,2292,03/10/2016, ,08/10/2023, ,No,
2-350043,2384,11/02/2021, ,08/10/2023, ,No,
2-350043,2385,11/02/2021, ,08/10/2023, ,No,
2-350044,131,06/30/1992,07/11/2001, , ,No,
2-350044,2358,04/07/2020, ,04/07/2020, ,No,
2-350050,1414,05/01/2007,01/15/2016,11/19/2009,11/13/2015,Yes,
2-350053,1432,11/01/2007,05/31/2008,10/23/2007, ,No,
2-350054,1142,04/15/2004,04/15/2004,04/15/2004, ,No,
2-350068,281,05/02/1991,10/29/1996, , ,No,
2-350069,282,06/30/1992,03/05/1996, , ,No,
2-350070,702,10/06/1994,10/06/1994, , ,No,
2-350070,704,11/13/1996,11/20/1996, , ,No,
2-350071,701,06/30/1992,06/30/1992, , ,No,
2-350073,703,09/21/1992,03/01/1993, , ,No,
2-350087,1197,11/12/1998,12/01/1998, , ,No,
2-350110,705,06/30/1992,06/30/1992, , ,No,
2-350132,1834,08/12/2010,11/21/2012,08/12/2010, ,No,
2-350143,706,10/01/1992,10/01/1992, , ,No,
2-350163,707,06/30/1992,03/01/1993, , ,No,
2-350165,2052,06/06/2011, ,09/01/2011, ,No,
2-350165,2382,10/13/2021,01/20/2022,10/13/2021,01/20/2022,No,
2-350170,1182,12/31/1998,01/05/1999, , ,No,
2-350603,933,06/30/1992,07/10/2001, , ,No,
2-350615,708,08/09/1994,08/09/1994, , ,No,
2-350616,277,11/10/1994,05/01/1995, , ,No,
2-350617,278,09/01/1995,09/05/1995, , ,No,
2-350624,1190,10/29/1998,11/05/1998, , ,No,
2-350629,1381,09/19/2006, ,09/17/2010, ,No,
2-350631,2350,10/16/2019,01/23/2020,10/16/2019,01/23/2020,No,
3-010007,350,02/23/1990,03/01/1993, , ,No,
3-010007,1078,11/17/1998,03/04/1999, , ,No,
3-010008,351,06/30/1992,10/01/1992, , ,No,
3-010016,354,11/29/1989,03/01/1993, , ,No,
3-010017,1110,11/18/2002,02/11/2016,06/25/2003, ,No,
3-010017,1799,04/22/2010,02/11/2016,06/25/2003, ,No,
3-010017,2151,04/30/2012,02/11/2016,06/25/2003, ,No,
3-010018,355,02/01/1993,12/01/1993, , ,No,
3-010019,1323,04/13/2005,06/24/2005, , ,No,
3-010021,1155,11/12/1998,02/05/1999, , ,No,
3-010023,9,08/17/1997,02/27/1998, , ,No,
3-010025,293,04/12/1988,03/01/1993, , ,No,
3-010025,1209,05/10/2001,02/26/2002,05/10/2001, ,No,
3-010027,1286,12/02/1999,06/06/2002,12/14/1999, ,No,
3-010030,356,06/30/1992,06/30/1992, , ,No,
3-010035,357,11/29/1991,06/30/1992, , ,No,
3-010036,1081,10/30/1998,03/12/2002, , ,No,
3-010036,2246,03/09/1992,11/06/1992, , ,No,
3-010036,2313,12/26/2017,01/27/2022,12/26/2017,01/27/2022,No,
3-010038,11,08/11/1997,05/06/2003,05/06/2003, ,No,
3-010040,16,04/26/1991,09/15/1999, , ,No,
3-010040,249,07/01/1993,04/01/1997, , ,No,
3-010040,1075,12/08/1998,06/03/1999,12/08/1998, ,No,
3-010042,2245,02/13/1991,06/25/1991, , ,No,
3-010044,7,03/19/1997,09/11/2001, , ,No,
3-010045,1361,06/14/2006,03/24/2017,06/14/2006,03/24/2017,Yes,
3-010046,20,10/27/1994,08/02/2000, , ,No,
3-010047,1738,11/05/2009,10/21/2011,11/11/2009,10/21/2011,Yes,
3-010048,2391,01/18/2022,11/03/2022,01/18/2022,11/03/2022,No,
3-010050,295,06/01/1993,10/01/1993, , ,No,
3-010051,1380,09/27/2006,07/19/2016,05/10/2007,09/08/2016,No,
3-010051,2274,12/02/2015,07/19/2016,05/10/2007,09/08/2016,No,
3-010053,1325,06/22/2005,10/05/2009,04/25/2006, ,No,
3-010054,236,09/20/1993,10/05/1993, , ,No,
3-010058,291,11/12/1991,01/21/1992, , ,No,
3-010059,10,12/03/1997,05/12/1998, , ,No,
3-010060,294,01/01/1993,03/23/1995, , ,No,
3-010069,307,11/13/1996,11/13/1996, , ,No,
3-010070,292,04/22/1991,03/01/1993, , ,No,
3-010072,241,05/01/1993,11/10/1999, , ,No,
3-010073,242,11/12/1991,06/01/1996, , ,No,
3-010074,243,11/04/1991,06/30/1992, , ,No,
3-010075,1027,05/18/1998,01/12/2004, , ,No,
3-010076,244,03/31/1995,11/20/1997, , ,No,
3-010077,245,08/15/1990,03/01/1993, , ,No,
3-010078,15,02/07/1992,03/08/1999, , ,No,
3-010078,2379,02/01/1997,08/01/1998, , ,No,
3-010079,246,05/01/1995,05/01/1995, , ,No,
3-010079,1173,07/16/1991,04/21/2009, , ,No,
3-010080,247,10/01/1996,10/01/1996, , ,No,
3-010084,250,12/03/1993,03/01/1994, , ,No,
3-010085,290,07/10/1991,06/30/1992, , ,No,
3-010094,349,02/14/1990,06/30/1992, , ,No,
3-010096,1239,05/30/2001,02/09/2002,05/30/2001, ,No,
3-010103,353,05/21/1997,07/16/1997, , ,No,
3-010104,950,12/01/1992,04/01/1995, , ,No,
3-010105,301,10/25/1994,11/05/1994, , ,No,
3-010105,1329,08/26/2005,10/20/2005,10/20/2005, ,No,
3-010106,1264,05/04/1999,07/23/1999, , ,No,
3-010109,299,06/30/1992,08/01/1995, , ,No,
3-010109,300,06/30/1992,06/30/1992, , ,No,
3-010111,302,12/20/1988,09/01/1994, , ,No,
3-010112,1022,05/22/1998,10/19/1998, , ,No,
3-010113,8,11/19/1997,01/14/1998, , ,No,
3-010115,1277,10/23/1999,10/23/2003, , ,No,
3-010117,2255,09/13/1993,12/24/2002, , ,No,
3-010118,21,05/08/1997,12/24/2002, , ,No,
3-010119,305,06/30/1992,11/01/1992, , ,No,
3-010121,22,09/06/1995,02/21/2003, , ,No,
3-010122,1246,02/26/2002,09/17/2004,03/05/2002, ,No,
3-010128,309,04/08/1996,06/25/1996, , ,No,
3-010128,1023,06/09/1998,03/02/1999, , ,No,
3-010129,310,06/30/1992,06/30/1992, , ,No,
3-010131,358,06/30/1992,06/30/1992, , ,No,
3-010132,311,06/30/1992,06/30/1992, , ,No,
3-010133,312,09/09/1992,03/01/1993, , ,No,
3-010135,1080,11/16/1998,09/28/2015,12/08/2006, ,No,
3-010135,1315,04/30/2002,09/28/2015,12/08/2006, ,No,
3-010136,303,03/25/1994,08/12/1994, , ,No,
3-010138,313,12/04/1989,06/30/1992, , ,No,
3-010139,23,06/30/1992,03/20/2001,06/30/1992,03/20/2001,No,
3-010139,1369,08/24/2006,04/11/2016,08/24/2006,04/11/2016,Yes,
3-010140,1144,07/02/2004,07/02/2004, , ,No,
3-010141,314,08/28/1990,11/01/1992, , ,No,
3-010142,315,03/21/1991,07/01/1995, , ,No,
3-010143,316,09/26/1994,08/17/1996, , ,No,
3-010143,317,07/01/1995,07/01/1995, , ,No,
3-010143,318,07/08/1996,01/22/1997, , ,No,
3-010143,319,07/01/1992,03/01/1995, , ,No,
3-010144,320,05/01/1993,10/18/1996, , ,No,
3-010148,321,04/08/1992,05/29/1992, , ,No,
3-010155,24,12/23/1997,05/01/2007,12/08/2006, ,No,
3-010158,25,12/02/1993,04/15/1994, , ,No,
3-010159,322,08/10/1993,08/24/1993, , ,No,
3-010160,856,07/22/1998,02/20/2002, , ,No,
3-010161,26,02/01/1993,06/20/2003, , ,No,
3-010163,323,08/08/1990,06/30/1993, , ,No,
3-010164,27,08/18/1992,07/23/1999, , ,No,
3-010168,308,09/05/1996,09/05/1996, , ,No,
3-010170,958,03/05/1998,05/15/2002, , ,No,
3-010174,324,07/13/1990,07/13/1990, , ,No,
3-010175,283,07/01/1995,07/01/1995, , ,No,
3-010179,284,10/02/1996,10/27/1997, , ,No,
3-010181,858,09/11/1998,10/14/1998, , ,No,
3-010183,1268,08/06/1999, ,08/06/1999, ,No,
3-010186,285,07/13/1992,07/16/1992, , ,No,
3-010191,28,03/01/1993,03/24/2003, , ,No,
3-010192,2251,01/02/1997,01/03/1997, , ,No,
3-010200,1151,12/27/2004,05/29/2007,12/08/2006, ,No,
3-010201,2254,12/18/2013,12/23/2013,10/08/2013, ,No,
3-010204,30,07/02/1995,01/12/2001, , ,No,
3-010205,286,06/30/1992,06/30/1992, , ,No,
3-010207,2374,04/06/1990,06/30/1992, , ,No,
3-010207,2376,02/05/1993,12/08/1998, , ,No,
3-010207,2389,10/25/1990,10/16/1991, , ,No,
3-010211,288,06/30/1992,06/30/1992, , ,No,
3-010213,435,03/08/1990,05/18/1990, , ,No,
3-010215,436,09/01/1993,03/01/1994, , ,No,
3-010216,31,05/26/1992,01/04/2007,12/04/2006, ,No,
3-010216,1387,05/23/2006,01/04/2007,05/23/2006, ,No,
3-010216,1568,09/23/2008,11/17/2008,09/23/2008, ,No,
3-010218,1090,10/08/1998,02/17/1999, , ,No,
3-010220,437,09/16/1996,09/16/1996, , ,No,
3-010224,438,04/01/1993,05/16/1994, , ,No,
3-010225,439,12/31/1991,08/02/1995, , ,No,
3-010228,32,07/01/1995,12/29/1997, , ,No,
3-010231,33,05/11/1994,12/09/1998,01/31/1995,09/26/2001,No,
3-010231,1678,06/24/2009,08/15/2017,06/25/2009,08/15/2017,No,
3-010231,2284,05/03/2016,08/15/2017, , ,No,
3-010235,1121,06/19/2003,09/06/2016,06/19/2003,09/09/2016,Yes,
3-010239,440,02/02/1995,03/21/1995, , ,No,
3-010245,441,05/14/1991,05/30/1994, , ,No,
3-010248,1150,12/27/2004,12/22/2016,12/27/2004,12/22/2016,Yes,
3-010249,2191,08/07/2012,08/02/2016, , ,No,
3-010252,34,07/28/1995,12/07/1998, , ,No,
3-010254,442,07/14/1993,07/14/1993, , ,No,
3-010254,1891,04/06/2011,06/27/2011,04/06/2011, ,No,
3-010258,443,12/10/1991,03/01/1995, , ,No,
3-010262,444,01/12/1995,01/31/1995, , ,No,
3-010275,1263,04/15/1999,08/17/1999, , ,No,
3-010276,35,10/20/1997,11/21/2001, , ,No,
3-010282,2355,01/14/2020, ,12/15/2023, ,No,
3-010287,72,07/08/1996,06/23/2009,07/18/2006,12/27/2022,Yes,
3-010288,73,10/17/1997,11/25/2003, , ,No,
3-010288,968,03/05/1998,11/25/2003, , ,No,
3-010290,74,08/05/1996,05/21/1999, , ,No,
3-010291,954,09/10/1997,10/15/1997, , ,No,
3-010292,75,02/17/1992,09/16/1999, , ,No,
3-010292,1123,12/18/2002,07/17/2003, , ,No,
3-010297,1312,06/21/2000,09/12/2000,06/22/2000, ,No,
3-010299,76,10/09/1991,02/22/2019,06/30/1992,02/22/2019,No,
3-010301,2256,12/31/1991,12/09/1992, , ,No,
3-010304,445,01/22/1990,11/15/1994, , ,No,
3-010306,352,06/30/1992,06/30/1992, , ,No,
3-010313,446,01/28/1992,03/01/1993, , ,No,
3-010314,1157,10/28/1998,06/23/2000, , ,No,
3-010315,447,12/20/1993,08/16/1995, , ,No,
3-010316,1281,11/01/1999,12/29/2008,06/12/2007, ,No,
3-010317,77,12/16/1991,06/07/2002, , ,No,
3-010317,1871,03/17/2011,08/26/2013, , ,No,
3-010319,965,01/14/1998,10/15/1999,10/15/1999, ,No,
3-010320,1133,11/24/2003,01/06/2004, , ,No,
3-010321,78,06/30/1992,02/05/2002, , ,No,
3-010322,2338,03/19/2019,03/23/2021,03/19/2019,03/23/2021,No,
3-010323,1809,05/04/2010,07/07/2010, , ,No,
3-010326,448,07/01/1993,10/30/1993, , ,No,
3-010327,860,09/25/1998,12/03/2003, , ,No,
3-010328,1232,08/02/2001,07/02/2007,06/11/2007, ,No,
3-010329,1098,02/09/1999,04/19/2000, , ,No,
3-010330,1824,06/09/2010,12/15/2010,06/09/2010, ,No,
3-010335,449,05/29/1992,03/01/1993, , ,No,
3-010338,1973,07/15/2011,11/28/2011, , ,No,
3-010339,450,06/18/1992,06/19/1992, , ,No,
3-010341,1230,07/27/2001,02/19/2009, , ,No,
3-010348,79,11/16/1990,07/23/1999, , ,No,
3-010349,1174,06/25/1992,01/10/2012, , ,No,
3-010350,953,11/19/1997,04/05/2001, , ,No,
3-010350,2366,10/22/2020,01/26/2021,10/22/2020,01/26/2021,No,
3-010351,1082,11/17/1998,09/26/2000, , ,No,
3-010351,1390,02/02/2007,06/06/2007, , ,No,
3-010354,451,11/10/1994,08/22/1996, , ,No,
3-010356,452,10/26/1993,04/24/1995, , ,No,
3-010357,80,02/21/1995,05/30/2012,01/05/2007,05/30/2012,Yes,
3-010357,1242,09/21/2000,05/30/2012,05/29/2002,05/30/2012,Yes,
3-010357,2234,12/10/2012,05/26/2017,12/10/2012,05/26/2017,Yes,
3-010358,453,05/14/1994,08/05/1994, , ,No,
3-010360,454,01/01/1993,11/01/1993, , ,No,
3-010361,2260,06/02/1992,12/14/1992, , ,No,
3-010364,455,08/06/1991,06/30/1992, , ,No,
3-010369,1354,10/24/2002,11/21/2005, , ,No,
3-010371,81,10/08/1996,02/12/1998, , ,No,
3-010375,456,08/01/1993,11/15/1993, , ,No,
3-010377,1103,03/25/1999,08/08/2000, , ,No,
3-010381,457,05/26/1992,07/01/1992, , ,No,
3-010384,857,08/10/1998,02/05/1999, , ,No,
3-010387,2282,04/13/2016,10/19/2016,04/13/2016,10/19/2016,No,
3-010394,458,06/05/1992,10/01/1992, , ,No,
3-010396,2409,06/07/2023,09/07/2023,08/21/2023,09/07/2023,No,
3-010399,234,12/09/1991,05/11/1995, , ,No,
3-010400,1099,01/13/1999,09/05/2001, , ,No,
3-010407,460,02/21/1992,02/27/1996, , ,No,
3-010409,461,01/29/1991,10/01/1993, , ,No,
3-010412,17,11/22/1993,01/09/2003, , ,No,
3-010412,18,02/17/1994,08/18/1999, , ,No,
3-010412,19,02/15/1994,10/09/2003, , ,No,
3-010412,251,12/03/1993,03/06/1997, , ,No,
3-010412,289,11/01/1993,11/01/1993, , ,No,
3-010412,306,12/01/1994,03/06/1997, , ,No,
3-010413,82,09/06/1996,03/03/2005, , ,No,
3-010413,1352,09/09/2002,03/03/2005,01/01/1999, ,No,
3-010416,464,02/12/1991,06/30/1992, , ,No,
3-010417,1046,05/08/1990,12/06/1991, , ,No,
3-010418,1784,03/19/2010,04/28/2010, , ,No,
3-010419,1096,03/09/1999,12/08/2011, , ,No,
3-010419,1430,11/30/2007,12/08/2011, , ,No,
3-010419,2283,04/08/2016,09/21/2018,04/08/2016,09/21/2018,No,
3-010423,1189,12/01/2000,04/14/2001, , ,No,
3-010424,2303,01/26/2017,06/30/2017,01/26/2017,06/29/2017,No,
3-010428,1183,10/20/2000,09/02/2003, , ,No,
3-010430,304,01/12/1995,02/21/1996, , ,No,
3-010430,1159,10/02/1998,12/13/2000, , ,No,
3-010431,1320,04/04/2005,05/23/2008,12/08/2006, ,No,
3-010439,2272,11/02/2015,11/30/2015, , ,No,
3-010443,472,01/28/1992,10/18/1996, , ,No,
3-010446,1267,07/15/1999,08/07/2002, , ,No,
3-010450,359,05/20/1996,06/07/1996, , ,No,
3-010452,465,08/14/1991,06/30/1992, , ,No,
3-010460,83,06/04/1990,08/19/1999, , ,No,
3-010460,853,09/22/1998,09/17/1999, , ,No,
3-010465,2276,12/11/2015,05/06/2016,01/25/2016,05/06/2016,No,
3-010466,84,04/10/1990,11/28/2018,04/10/1990,11/28/2018,No,
3-010469,1298,10/22/1999,08/21/2000, , ,No,
3-010471,85,01/10/1997,08/28/2001, , ,No,
3-010474,2392,03/31/2022,06/14/2022,03/31/2022,06/14/2022,No,
3-010475,1991,09/30/2011,01/09/2012, , ,No,
3-010481,466,06/03/1996,06/25/1996, , ,No,
3-010481,1573,09/25/2008,05/27/2009, , ,No,
3-010481,2231,10/30/2012,10/10/2013, , ,No,
3-010483,86,08/04/1997,01/18/2002,04/30/1998,07/11/2003,No,
3-010483,1313,03/14/2000,09/12/2000,03/14/2000,08/31/2000,No,
3-010483,1417,06/28/2007,09/19/2007,06/26/2007,09/20/2007,No,
3-010483,2111,12/20/2011,08/29/2017,12/20/2011,08/29/2017,No,
3-010483,2420,06/04/2024, ,06/04/2024, ,No,
3-010488,1548,08/14/2008,11/14/2008, , ,No,
3-010490,467,06/11/1990,09/01/1994, , ,No,
3-010491,468,06/30/1992,06/30/1992, , ,No,
3-010496,469,05/01/1994,08/22/1995, , ,No,
3-010500,347,03/30/1992,03/10/1998, , ,No,
3-010502,1299,11/16/1999,02/23/2000, , ,No,
3-010505,1066,06/08/1990,02/20/1997, , ,No,
3-010506,470,07/01/1993,03/06/1994, , ,No,
3-010507,471,11/21/1990,06/30/1992, , ,No,
3-010508,473,06/01/1993,12/18/1997, , ,No,
3-010509,474,11/18/1993,05/01/1994, , ,No,
3-010513,235,06/30/1992,07/26/1990, , ,No,
3-010514,475,02/01/1993,05/01/1996, , ,No,
3-010516,476,06/08/1990,06/30/1992, , ,No,
3-010601,477,04/04/1996,03/03/1997, , ,No,
3-010602,13,06/30/1992,10/16/2003, , ,No,
3-010607,478,04/11/1991,11/07/1995, , ,No,
3-010608,2244,04/14/1992,03/31/1993, , ,No,
3-010611,952,11/05/1997,01/14/2003, , ,No,
3-010611,1119,05/08/2003,09/09/2003, , ,No,
3-010614,237,07/01/1992,07/01/1992, , ,No,
3-010616,479,02/19/1992,07/01/1992, , ,No,
3-010617,480,02/28/1992,10/15/1994, , ,No,
3-010618,481,12/12/1991,11/16/1995, , ,No,
3-010621,482,09/11/1991,02/07/1996, , ,No,
3-010622,483,06/24/1991,06/24/1991, , ,No,
3-010624,484,06/04/1990,06/30/1992, , ,No,
3-010626,2250,06/27/1991,07/11/1991, , ,No,
3-010627,87,02/05/1996,06/13/2001,06/30/1992, ,No,
3-010632,485,07/01/1995,07/01/1995, , ,No,
3-010632,486,06/30/1992,06/30/1992, , ,No,
3-010633,487,12/30/1991,03/01/1993, , ,No,
3-010635,488,10/21/1991,06/30/1992, , ,No,
3-010636,297,12/17/1993,12/28/1993, , ,No,
3-010636,489,05/01/1993,01/26/1994, , ,No,
3-010637,1073,10/09/1998,06/03/1999, , ,No,
3-010638,490,06/30/1992,06/30/1992, , ,No,
3-010639,88,10/16/1991,12/13/2006, , ,No,
3-010640,89,03/30/1992, ,01/19/1994, ,No,
3-010652,1025,04/29/1998,05/20/1998, , ,No,
3-010660,239,06/01/1993,10/01/1993, , ,No,
3-010661,491,02/06/1992,06/30/1992, , ,No,
3-010667,360,10/16/1989,03/29/1996, , ,No,
3-010668,36,12/10/1994,05/31/2006,01/16/2003,11/02/2006,Yes,
3-010669,1262,06/10/1999,08/06/2009,12/08/2006, ,No,
3-010671,492,11/04/1991,10/01/1992, , ,No,
3-010676,2235,02/21/2013,01/13/2017,02/21/2013,01/13/2017,Yes,
3-010680,1331,08/01/2005,04/09/2007,12/08/2006, ,No,
3-010681,37,02/13/1997,02/16/2000,04/14/1999, ,No,
3-010682,1076,12/02/1998,10/04/2006,12/18/1998, ,No,
3-010683,1097,02/05/1999,10/20/1999, , ,No,
3-010685,248,07/01/1993,10/12/1993, , ,No,
3-010686,493,05/01/1993,10/01/1993, , ,No,
3-010695,494,10/23/1992,11/01/1994, , ,No,
3-010709,495,01/19/1995,04/25/1996, , ,No,
3-010709,496,07/06/1993,09/03/1993, , ,No,
3-010711,14,10/28/1992,12/11/2002, , ,No,
3-010713,497,08/19/1993,12/12/1996, , ,No,
3-010714,462,06/30/1992,06/30/1992, , ,No,
3-010714,463,07/01/1993,02/12/1996, , ,No,
3-010714,1309,06/11/1999,06/11/1999, , ,No,
3-010717,296,03/14/1994,07/07/1994, , ,No,
3-010718,238,11/01/1992,10/31/1996, , ,No,
3-010720,498,05/01/1994,05/01/1994, , ,No,
3-010724,240,06/01/1993,10/30/1993, , ,No,
3-010725,361,03/20/1992,08/15/1995, , ,No,
3-010726,499,08/26/1994,10/15/1994, , ,No,
3-010727,298,06/01/1994,06/01/1994, , ,No,
3-010728,12,06/30/1992,07/13/2000, , ,No,
3-010732,1415,04/26/2007,06/22/2007, , ,No,
3-010736,38,07/25/1995,01/17/2020,07/25/1995,01/17/2020,No,
3-010737,500,04/20/1995,11/07/1995, , ,No,
3-010738,501,08/05/1996,01/13/1997, , ,No,
3-010739,502,08/01/1995,08/01/1995, , ,No,
3-010740,503,10/06/1995,09/01/1996, , ,No,
3-010748,504,07/01/1996,07/02/1996, , ,No,
3-010751,287,08/22/1990,10/01/1992, , ,No,
3-010758,1273,09/30/1997,09/07/1999, , ,No,
3-010762,1130,12/19/2003,12/30/2003, , ,No,
3-010762,1468,03/17/2008,06/16/2008, , ,No,
3-010763,348,01/27/1997,01/27/1997, , ,No,
3-010770,926,08/14/1991,06/30/1992, , ,No,
3-010771,924,10/14/1989,06/30/1992, , ,No,
3-010772,930,05/12/1992,09/01/1992, , ,No,
3-010773,929,06/11/1990,03/03/1997, , ,No,
3-010775,931,01/01/1993,04/13/1993, , ,No,
3-010776,928,03/12/1992,06/30/1992, , ,No,
3-010777,927,02/14/1990,06/30/1992, , ,No,
3-010778,911,12/09/1994,01/20/1995, , ,No,
3-010779,921,06/30/1992,06/30/1992, , ,No,
3-010780,922,12/08/1997,12/15/1997, , ,No,
3-010781,932,11/15/1993,05/15/1994, , ,No,
3-010782,923,10/26/1990,06/30/1992, , ,No,
3-010783,956,04/04/1998,07/17/1998, , ,No,
3-010787,1172,06/30/1992,01/09/2003, , ,No,
3-010788,1055,06/30/1992,02/22/1994, , ,No,
3-010791,1100,01/26/1999,04/18/2000, , ,No,
3-010797,2347,08/26/2019, ,03/08/2023, ,No,
3-010817,1235,02/15/2001,05/04/2001,02/15/2001, ,No,
3-010852,2402,01/25/2023,09/27/2024,01/31/2023,09/27/2024,No,
3-010854,2422,07/09/2024, ,12/26/2024, ,No,
3-010868,1663,05/07/2009,06/10/2009,05/07/2009, ,No,
3-010885,2243,05/23/1994,06/20/1995, , ,No,
3-010952,2388,01/01/1992,02/04/1997, , ,No,
3-010960,2418,12/19/2023,03/19/2024,12/19/2023,03/19/2024,No,
3-020004,1020,04/27/1998,09/23/2002,03/24/2008, ,No,
3-020009,39,09/20/1995,08/17/2009, , ,No,
3-020009,1382,11/07/2006,08/17/2009, , ,No,
3-020011,2258,10/29/1991,06/05/1992, , ,No,
3-020012,40,01/09/1996,11/18/2002, , ,No,
3-020013,41,06/08/1995,11/12/2002, , ,No,
3-020015,506,06/06/1994,07/15/1994, , ,No,
3-020020,1152,11/23/2004,12/23/2004, , ,No,
3-020023,1319,09/29/1991,03/16/2005, , ,No,
3-020025,507,06/30/1992,03/10/1995, , ,No,
3-020027,42,07/01/1990,08/30/2001, , ,No,
3-020028,362,09/01/1991,03/01/1992, , ,No,
3-020029,505,12/01/1990,03/01/1992, , ,No,
3-020602,1124,07/20/2003,09/20/2003,07/24/2003, ,No,
3-020608,43,01/26/1995,05/16/2016,01/26/1995,05/16/2016,No,
3-020608,1158,10/26/1998,05/16/2016,10/26/1998,05/16/2016,No,
3-080004,854,09/23/1998,08/06/1999,08/06/1999, ,No,
3-080005,420,07/18/1997,08/19/1997, , ,Yes,
3-080007,325,04/25/1995,07/10/1995, , ,No,
3-080010,421,06/20/1994,06/30/1994, , ,No,
3-080011,1047,04/29/1991,05/02/1991, , ,No,
3-080012,1156,11/03/1998,10/20/1999, , ,No,
3-080014,1419,08/02/2007,10/03/2007,08/02/2007, ,No,
3-080015,326,07/14/1997,07/21/1997, , ,No,
3-080017,419,11/01/1990,06/30/1992, , ,No,
3-080020,2343,05/19/2019,05/14/2021,05/22/2019,05/14/2021,Yes,
3-080022,327,06/30/1992,06/30/1992, , ,No,
3-080602,2257,02/05/1991,04/30/1993, , ,No,
3-140002,512,09/01/1990,06/30/1993, , ,No,
3-140002,519,08/09/1994,09/20/1996, , ,No,
3-140003,1231,08/07/2001,04/10/2003, , ,No,
3-140003,1703,08/19/2009,05/06/2010, , ,No,
3-140007,517,12/01/1990,09/01/1991, , ,No,
3-140008,959,02/24/1998,08/01/2023,05/12/1999,08/01/2023,Yes,
3-140011,1391,02/02/2007,07/23/2018,09/10/2007,09/25/2018,Yes,
3-140012,1184,10/30/2000,06/06/2002,10/31/2000, ,No,
3-140014,2356,11/12/2019,04/09/2020,03/11/2020,04/09/2020,No,
3-140015,1104,03/25/1999,10/20/2000, , ,No,
3-140019,183,09/13/1994,10/26/2004, , ,No,
3-140022,182,07/10/1990,06/16/2020,12/13/1990,06/17/2020,Yes,
3-140025,1911,03/29/2011,06/12/2012, , ,No,
3-140026,181,08/01/1990,09/17/2003,11/19/1990,08/06/2003,Yes,
3-140031,1355,11/06/2002,02/15/2006,01/06/2003,04/22/2019,No,
3-140036,184,06/01/1995,08/16/2000, , ,No,
3-140045,520,10/12/1991,05/01/1992, , ,No,
3-140048,2252,10/16/2013,07/27/2015,10/16/2013,07/24/2015,Yes,
3-140049,185,07/01/1991,01/05/2005, , ,No,
3-140050,1300,02/17/2000, ,02/17/2000, ,No,
3-140055,1021,05/21/1998,06/04/2007,12/08/2006, ,No,
3-140056,521,09/14/1992,09/14/1992, , ,No,
3-140060,852,07/14/1998,07/08/2010,08/12/1999,07/08/2010,Yes,
3-140061,186,03/08/1995,09/09/1999, , ,No,
3-140066,187,01/01/1990,07/25/2017,07/12/1994,07/25/2017,No,
3-140069,522,09/01/1990,09/01/1990, , ,No,
3-140072,523,09/01/1990,09/01/1990, , ,No,
3-140073,2237,04/19/2013, ,04/19/2013, ,No,
3-140074,524,12/12/1994,05/12/1995, , ,No,
3-140075,2419,02/29/2024,09/20/2024,02/29/2024,09/20/2024,No,
3-140077,525,03/01/1991,03/01/1993, , ,No,
3-140080,1362,06/01/2006,08/29/2011,03/01/2007, ,No,
3-140081,188,05/01/1995,03/01/2006,07/18/1996,12/27/2022,No,
3-140082,1149,11/01/2001,09/15/2009,12/12/2006, ,No,
3-140082,1237,09/05/2001,09/15/2009,04/05/2002, ,No,
3-140082,1508,06/26/2008,09/15/2009, , ,No,
3-140083,189,02/14/1992,07/20/2015,07/18/1996,12/27/2022,No,
3-140084,1188,12/12/2000,05/16/2003, , ,No,
3-140087,190,12/01/1990,11/30/2001, , ,No,
3-140088,526,04/01/1993,06/01/1994, , ,No,
3-140089,563,04/15/1996,12/19/1997, , ,No,
3-140090,564,09/25/1990,09/27/1990, , ,No,
3-140092,565,12/08/1992,06/30/1993, , ,No,
3-140093,566,06/05/1992,09/01/1996, , ,No,
3-140093,1120,06/24/2003,05/09/2005, , ,No,
3-140093,1804,04/22/2010,03/04/2011, , ,No,
3-140093,2293,06/09/2016,03/07/2017,09/23/2016,03/07/2017,No,
3-140094,2242,10/19/1998,06/28/1999, , ,No,
3-140097,191,03/01/1988,11/14/2013,06/21/1991,11/14/2013,Yes,
3-140099,515,09/01/1990,11/01/1994, , ,No,
3-140101,1039,06/14/1996, ,06/14/1996, ,No,
3-140101,1553,09/11/2008,03/03/2009,09/11/2008,03/03/2009,No,
3-140101,1972,07/15/2011, ,07/15/2011, ,No,
3-140102,1306,04/13/2000,08/30/2001,04/12/2000, ,No,
3-140103,192,02/27/1992,09/07/2004, , ,No,
3-140104,2404,03/13/2023, ,01/08/2024, ,No,
3-140105,567,05/01/1993,09/19/1997, , ,No,
3-140106,568,10/08/1991,06/11/1992, , ,No,
3-140107,193,03/01/1990,12/18/2018,11/01/1990,01/10/2019,No,
3-140114,194,05/03/1989,02/28/2003, , ,No,
3-140116,1048,02/26/1993,04/02/1996, , ,No,
3-140122,195,09/16/1996,07/19/2000, , ,No,
3-140122,196,05/09/1997,07/19/2000, , ,No,
3-140123,1314,10/30/2002,11/29/2010,01/06/2003,05/21/2018,No,
3-140123,1503,06/18/2008,04/14/2010,01/06/2003,05/21/2018,No,
3-140125,1141,04/22/2004,09/22/2004, , ,No,
3-140126,1271,04/23/1999,05/03/2002, , ,No,
3-140127,197,08/01/1990,08/10/1999, , ,No,
3-140130,569,02/23/1995,03/12/1996, , ,No,
3-140131,1442,03/17/2008,03/17/2008, , ,No,
3-140136,198,05/12/1994,12/08/2022,07/18/1996,12/27/2022,No,
3-140137,199,08/01/1990,10/30/2024,07/05/2022,10/30/2024,No,
3-140137,2353,01/25/1994,10/30/2024,07/05/2022,10/30/2024,Yes,
3-140140,200,01/12/1993,02/08/1999, , ,No,
3-140143,570,06/01/1990,12/01/1990, , ,No,
3-140146,571,03/01/1990,03/01/1990, , ,No,
3-140149,1136,02/27/2004,09/01/2022,03/08/2005, ,Yes,
3-140150,572,02/01/1992,02/18/1997, , ,No,
3-140151,1275,10/05/1999,08/08/2006,08/08/2006,10/16/2006,No,
3-140153,513,01/01/1990,01/01/1990, , ,No,
3-140158,573,08/01/1989,08/01/1989, , ,No,
3-140159,1296,12/22/1999,03/16/2005,12/22/1999, ,No,
3-140160,201,01/01/1986,03/11/2005, , ,No,
3-140163,574,04/01/1991,06/30/1994, , ,No,
3-140167,575,11/01/1990,09/01/1991, , ,No,
3-140168,1406,04/18/2007,11/09/2007,04/23/2007, ,No,
3-140173,576,06/01/1990,09/01/1991, , ,No,
3-140177,919,10/07/1993,10/07/1995, , ,No,
3-140178,178,10/02/1996,12/06/2013, , ,No,
3-140178,202,06/06/1996,12/06/2013, , ,No,
3-140179,577,09/01/1990,09/01/1990, , ,No,
3-140187,578,10/01/1990,10/01/1990, , ,No,
3-140190,1038,10/01/1990,06/21/2017,10/01/1990, ,No,
3-140191,957,01/05/1998,06/01/2005, , ,No,
3-140199,203,10/01/1990,08/04/2000, , ,No,
3-140203,579,12/27/1993,01/15/1994, , ,No,
3-140205,1101,01/28/1999,02/12/2003, , ,No,
3-140206,204,11/01/1990,03/11/2005, , ,No,
3-140210,580,06/01/1989,04/01/1992, , ,No,
3-140212,581,07/01/1993,07/02/1993, , ,No,
3-140213,2270,09/29/2015,09/29/2015, , ,No,
3-140216,582,09/01/1990,10/01/1990, , ,No,
3-140218,1448,01/28/2008,04/14/2008,03/10/2008, ,No,
3-140222,1398,05/01/2000,03/16/2001, , ,No,
3-140224,1077,11/30/1998,03/04/1999, , ,No,
3-140224,1427,10/04/2007,01/10/2008,10/05/2007, ,No,
3-140225,583,12/01/1989,12/01/1989, , ,No,
3-140228,206,01/05/1995,11/03/2003, , ,No,
3-140230,207,07/01/1989,07/05/2007,12/08/2006, ,No,
3-140235,1169,07/16/1998,05/15/2000, , ,No,
3-140241,584,08/01/1990,08/01/1990, , ,No,
3-140246,208,03/10/1992, ,02/09/2011, ,No,
3-140600,1028,05/18/1998,07/01/1998, , ,No,
3-140601,209,04/17/1997,04/19/2000, , ,No,
3-140601,585,03/01/1991,05/01/1991, , ,No,
3-140602,1127,10/14/2003,01/22/2004, , ,No,
3-140602,1135,10/12/2003,04/20/2004, , ,No,
3-140602,1243,10/03/2001,09/20/2003, , ,No,
3-140602,2291,09/07/2016,09/21/2016,09/07/2016,09/21/2016,No,
3-140604,210,07/21/1992,05/03/2010, , ,No,
3-140607,211,07/17/1993,01/08/2009,12/08/2006, ,No,
3-140607,1129,11/10/2003,01/08/2009,12/08/2006, ,No,
3-140607,1318,03/25/2005,01/08/2009,12/08/2006, ,No,
3-140607,2328,09/11/2018,11/15/2018,09/13/2018,11/15/2018,No,
3-140611,212,04/29/1997,05/24/2022,06/15/2001,05/24/2022,Yes,
3-140611,586,09/01/1989,05/24/2022,09/01/1989,05/24/2022,Yes,
3-140614,587,09/25/1995,07/31/1997, , ,No,
3-140614,588,09/01/1991,09/01/1991, , ,No,
3-140620,589,01/01/1991,06/18/1991, , ,No,
3-140621,590,08/01/1991,06/30/1992, , ,No,
3-140622,2249,12/22/1992,10/22/1993, , ,No,
3-140623,591,11/06/1992,11/09/1992, , ,No,
3-140627,592,06/25/1993,07/21/1993, , ,No,
3-140633,1132,04/13/2002,01/15/2004, , ,No,
3-140636,518,06/09/1994,10/18/1994, , ,No,
3-140639,514,12/01/1990,03/01/1991, , ,No,
3-140640,1330,08/01/2005,12/13/2006, , ,No,
3-140641,213,06/30/1995,10/29/2013,06/30/1995,10/28/2013,Yes,
3-140644,593,03/18/1996,07/09/1996, , ,No,
3-140645,516,09/01/1990,09/01/1990, , ,No,
3-140654,1054,08/01/1989,11/09/2011,08/01/1989,11/09/2011,Yes,
3-140655,918,08/06/1993,10/10/1993, , ,No,
3-140656,917,03/01/1992,03/01/1992, , ,No,
3-140657,915,05/31/1990,06/30/1992, , ,No,
3-140658,914,09/01/1990,07/15/1992, , ,No,
3-140659,916,05/01/1991,03/01/1994, , ,No,
3-140660,912,06/01/1990,06/01/1992, , ,No,
3-140660,913,01/14/1994,07/27/1994, , ,No,
3-140661,942,04/02/1997,11/04/2005,11/04/1997, ,No,
3-140663,1175,05/01/1990,12/01/1991, , ,No,
3-140664,1177,01/03/1994,01/11/2008,03/01/2004, ,No,
3-140671,1279,10/12/1999,12/03/2003, , ,No,
3-140674,1357,05/01/2006,05/09/2006, , ,No,
3-140676,1180,06/07/2000,09/12/2000,06/08/2000, ,No,
3-140680,2364,11/02/2020,04/28/2022,11/02/2020,04/28/2022,No,
3-140701,1773,07/15/1994,02/24/2010, , ,No,
3-140715,2280,09/05/2014,04/28/2017,03/17/2016,04/28/2017,No,
3-200011,225,11/03/1993,07/26/2001, , ,No,
3-200011,1203,12/15/2000,04/05/2001,12/26/2000, ,No,
3-200013,546,08/21/1996,08/21/1996, , ,No,
3-200015,1024,06/19/1998,05/14/1999, , ,No,
3-200020,1363,06/15/2005,06/30/2006, , ,No,
3-200020,2341,05/15/2019,10/01/2019,05/15/2019,09/30/2019,No,
3-200020,2377,08/04/2021,08/04/2022, , ,No,
3-200020,2378,08/20/2021,08/02/2022,08/11/2021, ,No,
3-200021,543,11/06/1990,06/30/1992, , ,No,
3-200025,226,09/27/1994,11/23/1998,04/14/1999, ,No,
3-200028,1067,11/02/1998,04/20/2000,11/02/1998,04/20/2000,No,
3-200028,1245,03/08/2002,02/15/2005,03/08/2002,02/07/2005,No,
3-200028,1829,06/23/2010,12/28/2010,06/23/2010,12/28/2010,Yes,
3-200029,547,02/01/1993,02/01/1993, , ,No,
3-200032,548,04/01/1993,11/15/1993, , ,No,
3-200033,227,06/30/1992,02/02/2010,12/12/2006, ,No,
3-200035,1238,03/01/1999,12/03/2009,02/02/1999, ,No,
3-200046,549,07/31/1996,09/19/1996, , ,No,
3-200048,1002,08/06/1997,12/18/1997, , ,No,
3-200051,537,04/25/1991,06/30/1992, , ,No,
3-200051,538,06/30/1992,02/23/1997, , ,No,
3-200051,539,06/30/1992,10/01/1996, , ,No,
3-200051,540,11/01/1992,11/01/1992, , ,No,
3-200051,541,04/28/1997,10/24/1997, , ,No,
3-200051,542,04/17/1997,10/20/1997, , ,No,
3-200051,859,07/01/1998,09/22/1998, , ,No,
3-200051,1040,07/23/1996,05/10/2000, , ,No,
3-200051,1122,07/11/2003,07/11/2003, , ,No,
3-200051,1258,05/29/1997,05/26/1999, , ,No,
3-200051,1332,12/01/2004,09/01/2005, , ,No,
3-200054,550,04/01/1995,06/01/1995, , ,No,
3-200055,551,04/04/1994,11/14/1994, , ,No,
3-200059,1114,03/14/2003,06/01/2007,08/26/2004,06/01/2007,No,
3-200063,955,11/06/1997,02/09/1998, , ,No,
3-200067,228,09/04/1997,02/05/1998, , ,No,
3-200070,552,01/10/1992,06/30/1992, , ,No,
3-200077,229,07/01/1995,12/01/2017,07/01/1995,12/01/2017,No,
3-200080,1633,01/22/2009,07/15/2010, , ,No,
3-200080,1768,01/19/2010,07/15/2010, , ,No,
3-200080,2321,05/22/2018, ,04/02/2019, ,No,
3-200082,553,09/16/1989,04/13/1990, , ,No,
3-200605,1168,08/21/1998,08/03/2000, , ,No,
3-200607,544,05/24/1995,08/18/1997, , ,No,
3-200608,554,01/26/1996,02/21/1997, , ,No,
3-200609,555,04/03/1996,06/01/1996, , ,No,
3-200611,545,09/11/1996,01/06/1997, , ,No,
3-200613,1338,10/18/2005,12/28/2018,10/18/2005,12/28/2018,No,
3-230003,717,10/12/1995,09/30/1996, , ,No,
3-230008,1214,07/25/2001,06/06/2002,07/26/2001, ,No,
3-230012,718,04/01/1990,04/01/1990, , ,No,
3-230013,969,03/11/1998,11/01/2001, , ,No,
3-230016,719,09/15/1993,09/30/1993, , ,No,
3-230020,720,04/16/1996,01/23/1997, , ,No,
3-230022,721,01/01/1990,06/01/1991, , ,No,
3-230023,99,01/07/1994,01/26/2005, , ,No,
3-230025,1297,03/24/1999,10/01/2001,12/15/1999, ,No,
3-230026,1049,07/07/1994,11/28/1995, , ,No,
3-230033,100,04/26/1993,07/20/2021,03/10/1998,07/20/2021,Yes,
3-230035,920,07/01/1989,03/01/1990, , ,No,
3-230603,910,04/19/1994,07/30/2012, , ,No,
3-370001,2262,07/27/1994,02/14/2024,07/27/1994, ,Yes,
3-370001,2263,01/28/1991,02/14/2024,08/10/1992, ,Yes,
3-370002,895,06/25/1996,10/23/1996, , ,No,
3-370002,1301,03/17/2000,03/22/2000,03/17/2000, ,No,
3-370011,1102,11/13/1998,02/19/1999, , ,No,
3-370012,1091,12/04/1998,12/12/1998, , ,No,
3-370017,134,07/01/1993,10/16/2013,07/08/1996,01/30/2014,Yes,
3-370018,135,07/01/1993,07/09/2002, , ,No,
3-370020,1042,03/01/1991,07/15/2002, , ,No,
3-370021,855,09/08/1998,12/01/1999, , ,No,
3-370021,2329,05/27/1993,02/27/1997, , ,No,
3-370022,136,09/01/1993,09/13/2005, , ,No,
3-370022,896,12/01/1991,02/01/1992, , ,No,
3-370023,1839,08/10/2010,10/05/2021,08/10/2010,10/05/2021,No,
3-370023,2351,09/19/2019,10/05/2021,01/06/2020,10/05/2021,No,
3-370025,1194,01/04/2001,02/03/2005,05/03/2004, ,No,
3-370028,897,05/01/1991,05/01/1991, , ,No,
3-370031,898,10/07/1994,07/20/1995, , ,No,
3-370031,899,03/21/1995,05/18/1995, , ,No,
3-370034,1043,03/11/1996,10/20/2009, , ,No,
3-370041,893,05/01/1990,05/01/1991, , ,No,
3-370600,901,11/13/1995,01/10/1996, , ,No,
3-370601,2294,10/01/2015,12/03/2019,07/13/2016,12/03/2019,No,
3-370607,894,06/07/1995,09/12/1995, , ,No,
3-370608,900,09/01/1995,09/01/1995, , ,No,
3-370617,1001,08/08/1997,02/02/1998, , ,No,
3-380001,1105,03/02/1999,06/01/1999, , ,No,
3-380001,2051,02/16/2012,06/28/2016, , ,No,
3-380001,2411,10/03/2023, ,11/03/2023, ,No,
3-380003,1211,06/20/2001,02/14/2003, , ,No,
3-380004,137,03/26/1992,04/07/2020,05/09/1993,08/13/2020,No,
3-380009,903,04/01/1990,08/15/1994, , ,No,
3-380010,904,05/11/1992,05/11/1992, , ,No,
3-380017,138,12/04/1991,11/09/2009, , ,No,
3-380024,4,12/13/1993,08/30/2010,12/13/1993, ,No,
3-380024,1115,03/21/2003,08/30/2010,12/12/2006, ,No,
3-380025,905,01/01/1990,06/30/1993, , ,No,
3-380032,906,09/01/1989,03/01/1990, , ,No,
3-380034,2414,10/24/2023, ,01/10/2025, ,No,
3-380050,2264,07/31/2014,06/24/2015,07/31/2014, ,No,
3-380054,140,04/01/1990,12/28/2000, , ,No,
3-380054,1498,05/20/2008,04/16/2009,10/08/2008, ,No,
3-380600,907,06/23/1997,12/11/1997, , ,No,
3-380604,3,11/01/2005,07/10/2014,12/12/2006, ,No,
3-380612,1070,01/05/1990,12/09/2008,03/15/2007, ,No,
3-430002,157,06/30/1992,12/11/2015,06/30/1992,12/11/1992,No,
3-430004,825,10/30/1990,02/01/1994, , ,No,
3-430009,2390,10/01/1991,08/29/2002, , ,No,
3-430010,1322,06/26/2002,11/08/2010, , ,No,
3-430011,1425,08/10/2007,08/20/2018,08/10/2007,08/20/2018,Yes,
3-430011,2365,12/09/2020,04/05/2021,12/09/2020,04/05/2021,No,
3-430012,830,05/03/1995,09/18/1997, , ,No,
3-430014,827,08/21/1990,12/01/1992, , ,No,
3-430015,2211,10/12/2012,07/09/2014, , ,No,
3-430017,832,11/01/1995,01/31/1996, , ,No,
3-430024,159,09/15/1992,06/03/2016,12/08/2006,06/03/2016,Yes,
3-430027,2308,09/06/2017,11/14/2017,09/07/2017,11/14/2017,No,
3-430034,1029,04/14/1998, ,12/31/2024, ,No,
3-430035,833,06/30/1992,12/12/1995, , ,No,
3-430035,2423,08/08/2024,01/17/2025,08/08/2024,01/17/2025,No,
3-430039,834,08/12/1992,06/01/1993, , ,No,
3-430040,1207,05/03/2001,12/12/2006,09/21/2005, ,No,
3-430049,158,11/23/1993,03/22/2007,12/08/2006, ,No,
3-430053,160,08/13/1990,08/21/2002, , ,No,
3-430055,161,04/01/1993,12/27/2017,04/01/1993,12/27/2017,Yes,
3-430056,835,09/01/1993,10/15/1993, , ,No,
3-430062,826,10/10/1989,01/22/1996, , ,No,
3-430064,828,11/22/1993,08/15/1994, , ,No,
3-430065,1019,06/30/1998,12/21/2004, , ,No,
3-430600,836,10/01/1991,11/25/1996, , ,No,
3-430604,837,11/11/1993,01/30/1994, , ,No,
3-430605,156,06/30/1992,12/16/2016,06/30/1992,12/16/2016,No,
3-430606,1106,07/01/1998,12/21/1998, , ,No,
3-430608,983,06/30/1992,12/29/1994, , ,No,
3-430609,984,10/10/1995,11/19/1997, , ,No,
3-430610,1280,10/28/1999,08/02/2002, , ,No,
3-430612,1295,11/22/1999,11/11/2000,11/22/1999, ,No,
3-430613,985,05/23/1991,07/15/1991, , ,No,
3-430613,1849,10/08/2010,01/04/2023,10/08/2010,01/04/2023,Yes,
3-430614,986,10/01/1992,03/01/1993, , ,No,
3-430617,363,10/12/1993,10/12/1993, , ,No,
3-430617,2330,10/04/2018,12/03/2018,10/04/2018,12/03/2018,No,
3-430619,1733,11/13/2009,01/07/2010,11/13/2009, ,No,
3-430620,987,06/28/1995,02/26/1996, , ,No,
3-430620,988,09/01/1993,05/10/1995, , ,No,
3-430621,989,05/06/1994,10/15/1994, , ,No,
3-430622,829,04/19/1994,06/15/1994, , ,No,
3-430625,1244,11/03/1999,10/02/2001,11/05/1999, ,No,
3-440003,1247,04/01/1998,11/02/2011,04/01/1998,11/03/2011,Yes,
3-440006,162,04/10/1997,04/05/2001, , ,No,
3-440007,1045,06/26/1996,01/23/2006, , ,No,
3-440009,994,01/01/1990,01/22/1996, , ,No,
3-440014,1074,12/22/1998,01/03/2007,05/12/1999, ,No,
3-440016,992,03/01/1990,07/01/1991, , ,No,
3-440017,1583,11/05/2008,10/06/2009, , ,No,
3-440022,343,08/01/1991,07/28/2005, , ,No,
3-440024,344,12/01/1989,11/26/2002, , ,No,
3-440025,995,10/01/1989,07/01/1991, , ,No,
3-440033,991,10/15/1989,10/18/1993, , ,No,
3-440034,990,01/01/1989,07/01/1989, , ,No,
3-440038,993,03/01/1990,11/21/1991, , ,No,
3-440040,345,04/01/1990,02/21/2002, , ,No,
3-440040,1951,05/17/2011,10/02/2015,05/17/2011, ,No,
3-440606,346,05/20/1996,06/05/2008,12/12/2006, ,No,
3-440609,1026,05/19/1998,11/26/2002, , ,No,
3-440611,971,03/26/1998,10/04/2002, , ,No,
4-070006,1167,09/30/1998,06/29/2000, , ,No,
4-070008,63,11/18/1997,04/02/1998, , ,No,
4-070008,1148,10/29/2004,12/30/2004, , ,No,
4-070010,404,10/20/1993,11/01/1993, , ,No,
4-070020,64,07/17/1991,07/09/2003,04/29/1992, ,No,
4-070025,1335,09/30/2005,10/01/2005, , ,No,
4-070027,405,10/01/1992,11/01/1992, , ,No,
4-070029,406,09/04/1991,07/30/1992, , ,No,
4-070033,65,06/09/1997,11/18/1999,04/29/1999, ,No,
4-070033,407,11/13/1996,01/30/1997, , ,No,
4-070034,1088,10/27/1998,01/06/1999, , ,No,
4-070035,1116,04/15/1996, ,04/15/1996, ,No,
4-070039,413,06/08/1994,07/29/1994, , ,No,
4-070042,408,06/30/1992,06/30/1992, , ,No,
4-070046,409,06/14/1995,12/06/1995, , ,No,
4-070046,410,12/01/1993,04/14/1994, , ,No,
4-070048,402,08/01/1992,08/01/1992, , ,No,
4-070048,1013,08/01/1992,08/01/1992, , ,No,
4-070048,1014,08/01/1993,08/01/1993, , ,No,
4-070048,1272,05/05/1999,08/16/1999, , ,No,
4-070050,66,07/16/1997,01/06/1998, , ,No,
4-070050,1004,06/09/1998,08/09/1998, , ,No,
4-070051,67,07/15/1997,01/06/1998, , ,No,
4-070053,68,06/20/1992,07/06/2016, , ,No,
4-070057,865,10/07/1998,10/20/1998,10/18/1998, ,No,
4-070057,1364,07/24/2006,09/14/2006,08/22/2006, ,No,
4-070061,411,06/01/1995,09/29/1995, , ,No,
4-070061,2301,11/16/2016,12/28/2016,11/16/2016,12/28/2016,No,
4-070062,412,06/01/1994,11/15/1994, , ,No,
4-070069,1350,10/22/2002,11/25/2002, , ,No,
4-070070,1012,05/16/1990,06/30/1992, , ,No,
4-070073,414,07/22/1991,10/18/1994, , ,No,
4-070605,415,06/15/1992,06/16/1992, , ,No,
4-070606,416,06/15/1992,06/16/1992, , ,No,
4-070609,401,06/30/1992,06/30/1992, , ,No,
4-070609,1131,12/21/2003,06/07/2006, , ,No,
4-070610,417,03/01/1991,03/01/1991, , ,No,
4-070615,418,06/06/1995,06/06/1995, , ,No,
4-070618,403,09/25/1995,12/01/1995, , ,No,
4-070620,999,04/14/1998,06/16/1998, , ,No,
4-070635,1126,10/23/2003,06/06/2004, , ,No,
4-070636,1154,11/18/2004,12/13/2004, , ,No,
4-130003,1302,10/05/1993,12/12/2000,06/01/1994, ,No,
4-130004,508,06/30/1992,06/30/1992, , ,No,
4-130006,509,06/15/1994,07/15/1994, , ,No,
4-130007,510,11/27/1989,06/30/1992, , ,No,
4-130011,1260,06/15/1999,09/12/2000, , ,No,
4-130014,511,05/07/1994,05/24/1994, , ,No,
4-130017,636,04/21/1990,08/18/1999, , ,No,
4-130603,996,06/04/1998,11/15/2002, , ,No,
4-160006,599,12/09/1992,12/10/1992, , ,No,
4-160011,600,12/08/1993,12/08/1993, , ,No,
4-160014,602,11/02/1993,11/20/1993, , ,No,
4-160016,603,06/25/1997,04/02/1998, , ,No,
4-160017,604,05/31/1996,08/26/1996, , ,No,
4-160020,605,06/01/1992,06/01/1992, , ,No,
4-160029,606,08/19/1989,06/30/1992, , ,No,
4-160036,218,04/14/1997,01/28/1998, , ,No,
4-160039,607,05/30/1990,06/30/1992, , ,No,
4-160042,1065,12/08/1998,06/28/1999,12/08/1998, ,No,
4-160042,1290,08/13/1999,12/07/1999, , ,No,
4-160048,1753,12/02/2009,03/05/2010, , ,No,
4-160051,609,09/01/1992,03/08/1994, , ,No,
4-160052,2394,06/10/2022, ,10/05/2023, ,No,
4-160055,610,06/01/1994,06/20/1994, , ,No,
4-160058,1259,05/18/1999,07/18/1999, , ,No,
4-160062,612,03/01/1993,03/08/1993, , ,No,
4-160065,613,03/09/1992,06/30/1992, , ,No,
4-160070,1086,12/01/1998,01/06/1999, , ,No,
4-160080,1166,10/01/1998,11/02/1998, , ,No,
4-160082,614,10/15/1996,12/27/1996, , ,No,
4-160082,2400,12/03/2021,08/21/2023,06/02/2023,12/21/2023,No,
4-160091,1015,06/30/1992,06/30/1992, , ,No,
4-160100,615,09/16/1994,09/16/1994, , ,No,
4-160102,219,11/29/1991,06/21/2002,04/29/1999, ,No,
4-160109,598,11/05/1989,06/30/1992, , ,No,
4-160122,217,06/30/1992,01/30/2017,03/29/1991,06/05/2017,Yes,
4-160125,616,06/30/1992,06/30/1992, , ,No,
4-160126,2259,10/26/2009,09/18/2013, , ,No,
4-160601,220,12/01/1991,10/09/2003,04/29/1999, ,No,
4-160602,617,02/08/1994,02/15/1998, , ,No,
4-160603,601,04/07/1993,04/10/1993, , ,No,
4-160603,1250,11/04/1998, ,11/04/1998, ,No,
4-160604,973,08/07/1998,11/03/1998, , ,No,
4-160607,618,08/01/1991,08/09/1991, , ,No,
4-160610,527,09/04/1991,06/30/1992, , ,No,
4-160626,2,11/02/2005,12/05/2005, , ,No,
4-160630,1206,11/17/1997,07/19/2000, , ,No,
4-160630,2295,06/29/2016,07/20/2017,06/29/2016,07/20/2017,No,
4-160632,528,12/13/1996,05/23/1997, , ,No,
4-160638,221,09/21/1994,11/08/1994, , ,No,
4-160640,1035,09/26/1995,10/20/1995, , ,No,
4-160641,529,01/06/1996,01/23/1996, , ,No,
4-160644,1037,05/01/1993,06/01/1993, , ,No,
4-160646,1351,06/05/2002,10/08/2002,07/26/2002,10/16/2002,No,
4-160646,1431,11/01/2007,12/13/2007,11/01/2007, ,No,
4-160648,1072,12/16/1998,03/23/1999, , ,No,
4-160650,1178,05/31/2000,09/29/2000, , ,No,
4-240001,726,05/09/1996,05/09/1996, , ,No,
4-240002,725,02/29/1996,04/18/1996, , ,No,
4-240004,2344,02/14/2019,01/03/2020,06/05/2019,01/03/2020,No,
4-240005,2314,12/05/1992,10/22/2000,04/26/1993,12/21/2005,No,
4-240010,727,10/17/1995,12/06/1995, , ,No,
4-240012,1292,01/10/2000,02/15/2000, , ,No,
4-240015,728,09/24/1997,09/24/1997, , ,No,
4-240016,723,03/01/1995,03/01/1995, , ,No,
4-240016,729,02/24/1994,03/01/1994, , ,No,
4-240020,1763,01/08/2010,02/23/2010,01/08/2010, ,No,
4-240023,1034,12/01/1997,09/07/2005, , ,No,
4-240028,1033,12/26/1991,06/06/1995,04/29/1999, ,No,
4-240029,730,06/19/1995,08/08/1995, , ,No,
4-240029,731,05/20/1997,08/01/1997, , ,No,
4-240031,732,08/13/1991,06/30/1992, , ,No,
4-240035,733,07/30/1997,08/25/1997, , ,No,
4-240044,734,07/17/1996,11/14/1996, , ,No,
4-240045,735,06/30/1992,06/30/1992, , ,No,
4-240047,2417,11/14/2023, ,11/14/2023, ,No,
4-240600,736,06/30/1992,06/30/1992, , ,No,
4-240609,737,05/02/1994,05/04/1994, , ,No,
4-240611,2401,11/08/2022,03/03/2023,11/16/2022,03/03/2023,No,
4-240613,722,03/03/1994,03/03/1994, , ,No,
4-240618,724,03/01/1995,06/01/1995, , ,No,
4-240618,944,07/28/1998,07/07/1999, , ,No,
4-270001,103,06/03/1997,03/18/1998, , ,No,
4-270008,849,06/30/1992,06/30/1992, , ,No,
4-270008,1289,10/11/1997,11/24/1999, , ,No,
4-270008,2412,08/15/2023,03/01/2024,08/15/2023,03/01/2024,No,
4-270011,753,06/30/1992,07/30/1992, , ,No,
4-270016,749,01/08/1992,06/30/1992, , ,No,
4-270025,754,10/12/1988,06/30/1992, , ,No,
4-270030,755,08/12/1996,03/07/1997, , ,No,
4-270031,756,12/01/1992,01/01/1993, , ,No,
4-270032,757,03/04/1996,04/18/1996, , ,No,
4-270034,2354,03/04/2020,05/27/2020,03/04/2020,05/27/2020,No,
4-270035,758,07/21/1994,07/21/1994, , ,No,
4-270041,759,05/04/1995,05/04/1995, , ,No,
4-270043,104,11/03/1994,09/15/1996, , ,No,
4-270043,760,06/01/1994,06/01/1994, , ,No,
4-270057,761,11/16/1994,11/16/1994, , ,No,
4-270058,762,05/08/1995,05/08/1995, , ,No,
4-270066,763,06/30/1992,06/30/1992, , ,No,
4-270067,764,06/30/1992,06/30/1992, , ,No,
4-270071,765,11/01/1992,05/20/1993, , ,No,
4-270604,751,10/08/1991,10/16/1991, , ,No,
4-270604,766,06/30/1992,06/30/1992, , ,No,
4-270606,767,05/03/1995,05/03/1995, , ,No,
4-270610,1240,11/13/2001,07/22/2002, , ,No,
4-270613,768,03/12/1997,07/23/1997, , ,No,
4-270614,750,08/25/1993,08/27/1993, , ,No,
4-270617,1016,05/08/1995,05/08/1995, , ,No,
4-270618,1017,05/05/1995,05/08/1995, , ,No,
4-270621,752,02/27/1995,02/27/1995, , ,No,
4-270622,1036,09/07/1989,06/30/1992, , ,No,
4-320006,691,12/22/1993,12/23/1993, , ,No,
4-320008,692,03/05/1996,04/18/1996, , ,No,
4-320008,693,05/06/1992,05/08/1992, , ,No,
4-320010,2327,08/02/2018,03/11/2020,08/02/2018, ,No,
4-320014,1310,06/02/2000,06/07/2001, , ,No,
4-320600,1293,12/02/1998,02/22/2000, , ,No,
4-320601,972,08/10/1998,09/08/1998, , ,No,
4-320607,694,10/08/1994,10/08/1994, , ,No,
4-320612,1307,06/02/2000,06/07/2001, , ,No,
4-340006,700,02/01/1995,03/19/2024, , ,No,
4-340006,1261,11/08/1998,03/19/2024,06/02/2022,03/19/2024,No,
4-340008,1018,09/20/1989,03/08/1994, , ,No,
4-340009,1205,02/08/1994,08/03/2006,08/30/1994,04/13/2006,Yes,
4-340010,1278,10/26/1999,10/02/2000, , ,No,
4-340011,1165,09/18/1998,12/02/1998,08/18/1998, ,No,
4-340020,998,04/11/1998,06/14/2023,04/11/1998,05/28/1999,No,
4-340026,264,12/26/1994,01/03/1995, , ,No,
4-340031,698,02/12/1992,02/12/1992, , ,No,
4-340032,263,04/03/1996,04/19/1996, , ,No,
4-340033,265,06/25/1997,08/19/2003, , ,No,
4-340034,1321,04/28/2005,12/08/2016,10/06/2005,12/08/2016,Yes,
4-340036,266,03/28/1994,03/28/1994, , ,No,
4-340037,267,11/01/1992,05/01/1993, , ,No,
4-340038,127,06/21/1994,10/02/2006, , ,No,
4-340038,128,06/26/1990,04/01/2006,06/30/1992, ,No,
4-340041,268,07/01/1994,03/13/1995, , ,No,
4-340049,269,12/17/1991,06/30/1992, , ,No,
4-340052,1000,04/13/1998,07/22/1998, , ,No,
4-340053,270,07/03/1997,08/25/1997, , ,No,
4-340058,699,12/29/1989,02/20/1996, , ,No,
4-340059,271,11/01/1993,11/01/1993, , ,No,
4-340063,1931,04/05/2011,07/10/2018,12/19/2011,11/01/2018,No,
4-340065,1031,11/16/1994,11/16/1994, , ,No,
4-340072,272,06/30/1992,06/30/1992, , ,No,
4-340603,273,06/30/1992,07/30/1992, , ,No,
4-340604,946,01/06/1992,06/30/1992, , ,No,
4-340609,274,01/31/1991,06/30/1992, , ,No,
4-340612,129,11/01/1992,04/05/2024,11/01/1992,04/05/2024,No,
4-340616,275,06/02/1993,07/01/1993, , ,No,
4-340617,1199,01/23/2001,11/28/2001,01/23/2001, ,No,
4-340621,947,05/17/1989,05/31/1989, , ,No,
4-340626,1340,05/03/2002,05/14/2002,05/03/2002, ,No,
4-340629,1658,05/27/2009,11/30/2009, , ,No,
4-340630,611,08/28/1989,09/19/1995, , ,No,
4-420006,850,02/17/1990,06/30/1992, , ,No,
4-420014,146,06/30/1992, ,12/04/2017, ,No,
4-420016,851,12/12/1990,07/06/1995, , ,No,
4-420018,1339,04/09/2002,04/09/2002,04/09/2002, ,No,
4-420021,870,01/15/1990,09/11/1997, , ,No,
4-420038,872,06/26/1996,10/02/1996, , ,No,
4-420048,1288,11/09/1999,07/20/2000, , ,No,
4-420059,873,02/28/1990,06/30/1992, , ,No,
4-420063,874,08/31/1995,11/14/1995, , ,No,
4-420064,1270,07/13/1999,08/12/1999, , ,No,
4-420066,1068,12/10/1998,01/06/1999, , ,No,
4-420068,1069,12/14/1998,10/13/1999, , ,No,
4-420069,875,04/18/1990,06/30/1992, , ,No,
4-420071,149,10/12/1990,08/30/2011,04/26/1993,02/09/2012,Yes,
4-420073,876,10/01/1992,11/01/1992, , ,No,
4-420080,150,01/14/1991,05/30/2002,06/30/1992, ,No,
4-420081,2317,03/28/2018,08/05/2021,03/28/2018,08/05/2021,No,
4-420081,2370,06/08/2021,09/28/2022,06/14/2021,09/28/2022,No,
4-420087,877,01/17/1990,03/08/1994, , ,No,
4-420090,1185,11/29/2000,01/02/2001, , ,No,
4-420091,878,06/30/1992,06/30/1992, , ,No,
4-420102,879,07/23/1996,12/27/1996, , ,No,
4-420104,880,07/29/1991,06/30/1992, , ,No,
4-420107,1137,02/12/2004,10/17/2007,11/21/2006, ,No,
4-420109,881,08/01/1995,10/02/1995, , ,No,
4-420118,943,07/07/1998,07/22/1998, , ,No,
4-420121,882,09/01/1991,10/05/1991, , ,No,
4-420122,1087,12/13/1998,01/06/1999, , ,No,
4-420130,1094,12/17/1998,01/06/1999, , ,No,
4-420140,883,02/25/1997,05/21/1997, , ,No,
4-420154,147,06/30/1992, ,06/30/1999,02/11/2008,Yes,
4-420157,884,06/16/1994,09/06/1994, , ,No,
4-420157,1140,04/09/2004,07/12/2004, , ,No,
4-420158,1109,12/30/1998,01/11/2000, , ,No,
4-420160,151,11/18/1989,02/28/2001,06/30/1992, ,No,
4-420161,148,11/21/1996,03/18/1998, , ,No,
4-420165,885,06/01/1992,09/01/1992, , ,No,
4-420166,152,07/17/1995,05/19/2000,07/17/1995,05/19/2000,No,
4-420168,886,06/30/1992,06/30/1992, , ,No,
4-420172,887,03/05/1997,06/24/1997, , ,No,
4-420176,153,12/04/1989,08/31/2016,07/07/1993,11/28/2016,Yes,
4-420177,888,11/16/1989,06/30/1992, , ,No,
4-420181,889,05/16/1996,10/16/1997, , ,No,
4-420184,154,10/01/1997,04/10/1998, , ,No,
4-420188,890,12/07/1994,12/07/1994, , ,No,
4-420194,891,07/02/1997,07/28/1997, , ,No,
4-420197,801,06/24/1996,08/29/1996, , ,No,
4-420198,1181,06/30/2000,02/20/2001, , ,No,
4-420203,802,01/30/1990,06/30/1992, , ,No,
4-420216,803,05/01/1993,03/08/1994, , ,No,
4-420237,804,06/30/1992,06/01/1995, , ,No,
4-420239,866,10/08/1998,11/02/1998, , ,No,
4-420243,819,07/18/1994,12/06/1994, , ,No,
4-420246,805,01/03/1990,06/30/1992, , ,No,
4-420249,806,06/30/1992,06/30/1992, , ,No,
4-420600,1083,02/03/1999,03/08/1999, , ,No,
4-420600,1234,12/14/1999,09/18/2001,04/11/2000, ,No,
4-420606,807,08/20/1991,10/28/1992, , ,No,
4-420610,808,06/30/1992,06/30/1992, , ,No,
4-420610,966,02/17/1998,06/14/1999,06/14/1999, ,No,
4-420613,155,10/25/1990,09/18/2003,03/03/1992,09/18/2003,Yes,
4-420615,951,08/13/1998,01/11/2000, , ,No,
4-420617,1032,04/23/1991,06/30/1992, , ,No,
4-420619,809,03/01/1993,05/01/1993, , ,No,
4-420620,810,02/28/1994,02/28/1994, , ,No,
4-420629,811,06/30/1992,10/04/1996, , ,No,
4-420632,812,09/26/1991,07/30/1992,06/30/1992, ,No,
4-420634,813,09/10/1991,06/30/1992, , ,No,
4-420643,2011,10/06/2011,09/21/2012,10/06/2011,09/21/2012,Yes,
4-420644,814,09/10/1991,06/30/1992, , ,No,
4-420645,815,03/20/1992,09/01/1992, , ,No,
4-420653,816,04/01/1992,03/08/1994, , ,No,
4-420658,817,06/30/1992,07/30/1992, , ,No,
4-420672,945,06/30/1992,08/20/1992, , ,No,
4-420674,818,12/29/1993,02/01/1994, , ,No,
4-420680,820,05/10/1995,05/10/1995, , ,No,
4-420681,821,07/14/1995,07/14/1995, , ,No,
4-420682,822,03/24/1995,03/24/1995, , ,No,
4-420686,823,11/22/1995,12/04/1995, , ,No,
4-420687,871,03/27/1993,04/18/1996, , ,No,
4-420688,824,06/18/1996,07/12/1996, , ,No,
4-420694,948,08/07/1996,09/04/1996, , ,No,
4-420695,949,06/22/1989,03/28/2003,06/30/1992, ,No,
4-420696,1147,12/20/1996,03/20/1997, , ,No,
4-420698,1061,05/01/1992,07/30/1992, , ,No,
4-420699,1249,04/28/1999,11/09/1999, , ,No,
4-420700,1095,02/04/1999,03/11/1999, , ,No,
4-420700,2405,03/16/2023,07/20/2023,03/16/2023,07/20/2023,No,
4-420716,1146,09/03/2004,09/29/2004, , ,No,
5-030002,1347,05/09/2002,07/09/2003,11/15/2002, ,No,
5-030003,364,06/30/1992,06/30/1992, , ,No,
5-030006,365,06/30/1992,06/30/1992, , ,No,
5-030008,1349,09/13/2002,08/20/2010,11/21/2006, ,No,
5-030017,366,06/30/1992,06/30/1992, , ,No,
5-030025,367,02/18/1994,10/24/1997, , ,No,
5-030026,44,08/05/1994,07/08/1999,12/19/2006, ,No,
5-030027,2371,12/10/2020,01/06/2023,07/06/2021,01/06/2023,No,
5-030028,1628,11/24/2008,01/02/2009,12/02/2008, ,No,
5-030030,1383,11/07/2006,03/02/2015,12/05/2007,03/23/2015,No,
5-030032,369,08/19/1992,09/01/1992, , ,No,
5-030043,1216,04/20/1999,05/12/1999, , ,No,
5-030045,1407,03/27/2007,05/31/2007, , ,No,
5-030046,370,11/10/1989,09/01/1992, , ,No,
5-030064,371,09/25/1994,10/18/1994, , ,No,
5-030069,372,08/14/1995,08/28/1995, , ,No,
5-030070,373,03/12/1991,06/30/1992, , ,No,
5-030075,1111,01/03/2001,12/30/2002,01/03/2001, ,No,
5-030076,45,06/30/1992,02/17/1998, , ,No,
5-030085,374,06/30/1992,02/10/1993, , ,No,
5-030089,46,01/21/1994,04/22/1999,07/08/1999, ,No,
5-030090,375,06/30/1992,06/30/1992, , ,No,
5-030091,376,06/30/1992,09/28/1994, , ,No,
5-030098,377,05/26/1993,10/04/1993, , ,No,
5-030099,1223,12/26/2000,08/07/2003,04/13/2001, ,No,
5-030099,1386,12/01/2006,12/30/2006,12/01/2006, ,No,
5-030100,378,02/10/1997,04/17/1997, , ,No,
5-030101,1219,04/05/2000,06/06/2001, , ,No,
5-030106,1348,08/13/2002,06/03/2003, , ,No,
5-030106,1397,02/01/2007,06/25/2009, , ,No,
5-030113,980,06/30/1992,06/30/1992, , ,No,
5-030116,379,04/11/1995,12/19/1995, , ,No,
5-030117,380,06/30/1992,05/31/1995, , ,No,
5-030125,862,04/11/1990,04/11/1990, , ,No,
5-030127,381,06/30/1992,07/23/2008,11/21/2006, ,No,
5-030137,863,01/12/1990,10/05/1990, , ,No,
5-030144,382,06/30/1992,06/30/1992, , ,No,
5-030145,1424,07/10/2007,03/26/2009, , ,No,
5-030153,867,04/11/1990,04/11/1990, , ,No,
5-030161,1713,09/30/2009,06/23/2010, , ,No,
5-030164,2324,06/20/2018,09/12/2019,06/20/2018,09/12/2019,No,
5-030168,368,07/09/1991,07/15/1991, , ,No,
5-030168,2340,04/11/2019,11/01/2022,04/11/2019,11/01/2022,No,
5-030172,383,01/04/1994,10/25/1996, , ,No,
5-030172,1317,03/01/2005,02/16/2006, , ,No,
5-030172,1683,10/02/2007,06/23/2009,10/02/2007,06/23/2009,No,
5-030181,1050,10/17/1997,01/27/1998, , ,No,
5-030186,1222,09/15/1999,07/23/2001,09/29/1999, ,No,
5-030191,2383,08/25/2021,11/22/2021, , ,No,
5-030192,384,06/30/1992,04/04/2012,11/21/2006, ,No,
5-030205,2426,09/11/2024, ,10/29/2024, ,No,
5-030206,975,01/16/1990,09/27/2016,07/08/1999,09/27/2016,No,
5-030225,1107,06/30/1992,01/08/1999, , ,No,
5-030626,1435,12/07/2007,03/05/2015,12/19/2007, ,No,
5-030632,2386,08/30/2021,11/19/2021, , ,No,
5-030665,979,11/01/1989,06/30/1992, , ,No,
5-030666,981,08/11/1989,03/17/1990, , ,No,
5-030667,982,06/30/1992,12/23/1992, , ,No,
5-030668,1160,06/30/1992,09/18/1995, , ,No,
5-030669,1161,09/02/1993,09/02/1993, , ,No,
5-030670,1162,08/24/1994,09/12/1994, , ,No,
5-030671,974,11/08/1995,01/27/2003, , ,No,
5-030680,1248,01/16/1992,10/31/1997, , ,No,
5-030701,2415,09/07/2023, ,11/27/2024, ,No,
5-030707,2307,08/09/2017,09/18/2017,08/09/2017,09/18/2017,No,
5-030722,2315,06/01/1998,06/01/1998, , ,No,
5-030723,2349,09/04/2019,11/22/2019,09/04/2019,11/22/2019,No,
5-040001,385,06/28/1993,10/12/1995, , ,No,
5-040004,976,12/01/1990,05/29/2015,11/21/2006,05/29/2015,No,
5-040005,47,07/09/1992,09/06/2011,11/23/1992,09/06/2011,Yes,
5-040006,48,06/30/1992,11/27/2001, , ,No,
5-040012,386,05/06/1994,05/06/1994, , ,No,
5-040015,49,06/30/1992,10/20/2014, , ,No,
5-040025,50,06/30/1992,12/23/1993, , ,No,
5-040028,51,09/12/1996,01/26/1998, , ,No,
5-040031,387,06/30/1992,04/14/1995, , ,No,
5-040034,52,12/20/1990,01/05/1999,07/08/1999, ,No,
5-040036,53,11/15/1993,10/25/2005, , ,No,
5-040609,1164,09/14/1993,11/30/1995, , ,No,
5-060014,396,02/01/1994,02/06/1995, , ,No,
5-060021,1179,08/29/2000,12/06/2013,03/13/2001,06/06/2013,Yes,
5-060030,1,10/01/2005,03/02/2015,11/21/2006, ,No,
5-060034,397,11/21/1994,05/22/2003, , ,No,
5-060047,2297,04/30/2015,12/21/2016,04/30/2015,12/21/2016,No,
5-060052,59,01/06/1995,05/14/2001, , ,No,
5-060069,398,06/30/1992,06/30/1992, , ,No,
5-060073,1217,11/03/1999,12/31/2007,11/27/2006, ,No,
5-060077,399,06/09/1994,12/13/1994, , ,No,
5-060080,1224,08/12/1998,06/19/2001,08/12/1998, ,No,
5-060099,395,06/30/1992,06/30/1992, , ,No,
5-060112,1220,03/17/1999,03/08/2018,06/24/2003,03/13/2018,Yes,
5-060122,400,01/17/1991,11/14/1994, , ,No,
5-060137,2413,10/10/2023, ,10/10/2023, ,No,
5-060138,61,06/30/1992,12/03/2002,06/30/1992,12/03/2002,No,
5-060142,57,08/01/1989,03/06/2000, , ,No,
5-060144,1441,11/17/1997,06/10/2020,11/17/1997, ,Yes,
5-060144,1463,10/10/2003,06/10/2020,10/10/2003, ,Yes,
5-060144,2359,11/21/2012,06/10/2020, , ,Yes,
5-060144,2368,05/18/2021,08/19/2022,05/18/2021,08/19/2022,Yes,
5-060167,1229,05/18/2000,09/20/2002, , ,No,
5-060179,2333,11/08/2018,04/01/2022,11/08/2018,04/01/2022,No,
5-060612,1221,10/06/1998,03/30/2018,05/06/2003,03/13/2018,Yes,
5-060626,1241,05/08/2001,01/29/2002,05/08/2001, ,No,
5-060628,1113,10/08/2002,12/12/2002, , ,No,
5-060633,1783,12/01/2008,02/12/2010, , ,No,
5-060639,2421,02/09/2024,10/18/2024,02/09/2024, ,No,
5-150006,595,06/30/1992,06/30/1992, , ,No,
5-150007,596,04/12/1995,12/19/1995, , ,No,
5-150011,214,06/30/1992,01/08/2003, , ,No,
5-150022,597,03/25/1993,09/29/1994, , ,No,
5-150032,215,06/30/1992,08/04/2000, , ,No,
5-150032,2311,10/04/2017,07/05/2018,10/04/2017,07/05/2018,No,
5-150036,1202,03/25/1997,12/30/1998, , ,No,
5-150039,2299,08/01/2015,07/13/2018,08/01/2015,07/13/2018,No,
5-150043,216,06/30/1992,01/17/2001,10/28/1992,01/17/2001,No,
5-150043,2278,06/19/2015,01/12/2018,10/29/2015,01/12/2018,No,
5-150048,594,06/30/1992,06/30/1992, , ,No,
5-150609,2348,06/17/2019,10/03/2019,06/17/2019,10/03/2019,No,
5-210002,1215,11/22/1996,02/21/2003, , ,No,
5-210004,230,04/28/1994, ,06/10/1997, ,No,
5-210005,1236,01/27/1998, ,07/02/2001, ,No,
5-210006,1051,05/09/1994, ,09/20/2016, ,No,
5-210009,231,09/03/1992, ,09/13/2021, ,No,
5-210010,1201,11/23/1998,04/21/2000, , ,No,
5-210012,232,09/09/1996,05/16/2005, , ,No,
5-210013,233,06/30/1992,04/17/2003, , ,No,
5-210015,90,04/28/1994,02/08/2001, , ,No,
5-210017,557,09/15/1992,11/25/1996, , ,No,
5-210019,1200,10/23/1991,05/15/2001,10/05/1991, ,No,
5-210025,1198,09/23/1992,12/17/2002, , ,No,
5-210027,709,06/30/1992,06/30/1992, , ,No,
5-210601,91,09/14/1992,03/28/2002, , ,No,
5-210603,92,10/21/1993,01/16/2008,11/27/2006, ,No,
5-210605,93,03/23/1995,01/19/2021,10/20/1998,11/14/2022,No,
5-210606,2339,04/02/2019,09/27/2019,04/02/2019,09/27/2019,No,
5-210611,977,06/30/1992,09/15/2010,11/21/2006, ,No,
5-210614,558,04/21/1994,05/04/1994, , ,No,
5-210615,1228,01/23/1997,06/23/2010,05/02/1997, ,No,
5-210616,556,08/13/1996,11/23/1996, , ,No,
5-210618,1208,11/25/1996,01/16/2008,03/13/1997, ,No,
5-210620,1316,08/20/1996,12/22/2015,11/21/2006,12/22/2015,No,
5-360002,1052,04/15/1998,11/01/2002, , ,No,
5-360004,132,08/04/1997,12/30/1998, , ,No,
5-360011,1814,04/22/2010,02/15/2019,04/22/2010,02/15/2019,No,
5-360023,892,06/30/1992,03/13/1995, , ,No,
5-360023,978,10/16/1991,03/13/1995, , ,No,
5-360603,133,09/12/1997,07/27/2001, , ,No,
5-360606,1053,06/01/1998,05/29/2002, , ,No,
5-360608,1210,10/05/1999,03/29/2018,09/23/2000,03/11/2019,No,
5-390004,908,06/30/1992,06/30/1992, , ,No,
5-390007,141,07/01/1985,11/27/2001,07/01/1985,11/27/2001,No,
5-390007,2131,09/13/2011,02/10/2012,09/13/2011,02/10/2012,Yes,
5-390008,1112,11/20/2002,02/19/2004, , ,No,
5-390011,1608,08/26/2008,12/15/2008,08/28/2008, ,No,
5-390021,909,04/17/1995,04/19/1995, , ,No,
5-390025,142,11/20/1995,07/12/1999, , ,No,
5-390036,783,06/30/1992,09/20/2002, , ,No,
5-390044,784,03/09/1992,03/20/1992, , ,No,
5-390073,785,06/30/1992,06/30/1992, , ,No,
5-390077,786,06/30/1992,06/30/1992, , ,No,
5-390605,143,06/30/1992,08/08/2011,11/27/2006, ,Yes,
5-390618,2309,10/02/2017,08/13/2018,10/02/2017,08/13/2018,No,
6-100015,1093,07/08/1998,05/25/1999, , ,No,
6-100021,1253,10/23/1998,12/14/1998, , ,No,
6-100022,430,07/15/1992,09/15/1992, , ,No,
6-100024,431,06/30/1992,06/30/1992, , ,No,
6-100028,432,06/30/1992,08/01/1994, , ,No,
6-100029,175,12/05/1992,03/31/1998, , ,No,
6-100045,433,06/03/1993,09/29/1994, , ,No,
6-100054,1276,06/03/1999,01/14/2000, , ,No,
6-100054,1333,11/01/2001,09/07/2005, , ,No,
6-100055,434,12/28/1992,05/23/1996, , ,No,
6-100061,1212,08/09/1993,11/30/1994,08/09/1993, ,No,
6-100093,861,06/30/1992,10/17/1996, , ,No,
6-100118,1343,11/01/2001,01/22/2002, , ,No,
6-100121,2322,09/18/2017,09/18/2017, , ,No,
6-100125,619,12/02/1993,04/01/1994, , ,No,
6-100140,2387,09/29/2021,12/20/2021, , ,No,
6-100143,1523,07/24/2008,07/01/2012, , ,No,
6-100147,1254,10/10/1998,05/17/2011,05/17/2011, ,No,
6-100149,1342,09/04/2001,04/25/2002, , ,No,
6-100158,2373,12/15/2020,01/19/2023,07/07/2021,01/19/2023,Yes,
6-100168,622,09/18/1992,03/07/1994, , ,No,
6-100173,623,03/15/1994,03/15/1994, , ,No,
6-100243,2372,12/17/2020,03/07/2022,07/07/2021,03/07/2022,No,
6-100244,2334,11/09/2018,01/15/2020,12/04/2018,01/15/2020,No,
6-100247,429,06/30/1990,06/30/1990, , ,No,
6-100250,1283,08/18/1998,08/18/1998,08/18/1998, ,No,
6-100250,2265,03/25/2014,09/25/2014, , ,No,
6-100600,2320,05/24/2018,09/25/2020,05/24/2018,09/25/2020,Yes,
6-100603,624,06/30/1992,06/30/1992, , ,No,
6-100609,1285,08/28/1998,10/13/1998,10/01/1998, ,No,
6-100614,2381,09/22/2021,11/29/2023,09/22/2021,11/29/2023,No,
6-100617,940,07/28/1992,02/11/1997, , ,No,
6-100625,2279,06/10/2015,08/30/2018,02/10/2016,08/30/2018,No,
6-100625,2316,02/09/2018, ,05/26/2020, ,No,
6-100640,1282,06/15/1994,09/08/1998,09/08/1998, ,No,
6-100649,2416,12/07/2023, ,12/07/2023, ,No,
6-100669,938,11/02/1995,01/17/1996, , ,No,
6-100681,1303,08/04/1998,08/04/1998,04/18/2000, ,No,
6-100695,2427,12/03/2024, ,12/03/2024, ,No,
6-100696,1138,12/19/2003,07/14/2004,05/04/2004, ,No,
6-100701,620,06/30/1992,06/30/1992, , ,No,
6-100701,621,11/23/1992,12/11/1992, , ,No,
6-100701,868,09/01/1994,11/24/1994, , ,No,
6-100709,1588,10/31/2008,10/21/2009, , ,No,
6-100715,2266,04/29/2014,09/25/2014, , ,No,
6-120005,2289,04/26/2016,01/21/2021,04/26/2016,01/21/2021,Yes,
6-120006,1255,05/12/1997,12/17/2004,05/21/1999, ,No,
6-120010,635,06/30/1992,06/30/1992, , ,No,
6-120013,1311,05/23/2000,08/10/2000,05/23/2000, ,No,
6-120026,177,11/15/1993,12/01/1995, , ,No,
6-120031,939,06/30/1992,06/30/1992, , ,No,
6-120037,634,06/30/1992,06/30/1992, , ,No,
6-120037,941,10/21/1993,10/21/1993, , ,No,
6-120600,1251,04/13/1999,06/16/2001,08/23/1999, ,No,
6-120604,2396,05/30/2022,03/15/2023,05/30/2022,03/15/2023,No,
6-120604,2397,07/01/2022, ,07/05/2023, ,No,
6-120611,2403,02/27/2023,01/24/2024,02/27/2023,01/24/2024,No,
6-170002,530,11/16/1992,05/04/1994, , ,No,
6-170004,531,06/30/1992,06/30/1992, , ,No,
6-190013,2296,11/16/2016,07/31/2017,11/16/2016,07/31/2017,No,
6-190013,2393,05/12/2022,03/17/2023,05/12/2022,03/17/2023,No,
6-190014,1428,09/24/2007,12/13/2011,07/07/2009,10/26/2011,Yes,
6-190014,1513,03/31/2008,12/13/2011,07/07/2009,10/26/2011,Yes,
6-190016,532,10/03/1994,10/03/1994, , ,No,
6-190021,533,06/30/1992,06/30/1992, , ,No,
6-190035,1252,12/07/1998,05/05/1999,12/07/1998, ,No,
6-190036,534,06/30/1992,11/13/1997, , ,No,
6-190037,536,05/13/1993,10/09/1996, , ,No,
6-190044,222,06/13/1996,02/03/2003, , ,No,
6-190045,223,08/15/1994,11/02/2016,09/23/1994,08/29/2017,Yes,
6-190048,224,06/30/1992,09/13/1999,10/12/1999, ,No,
6-190601,1344,06/04/2001,09/12/2005, , ,No,
6-190602,937,10/01/1991,03/03/1995, , ,No,
6-220005,560,08/15/1993,08/15/1993, , ,No,
6-220009,96,10/13/1995,02/04/2015,08/06/1996,02/04/2015,Yes,
6-220021,562,05/23/1995,05/25/1995, , ,No,
6-220022,710,09/07/1994,09/26/1994, , ,No,
6-220024,97,08/26/1996,10/01/1998, , ,No,
6-220026,711,07/06/1995,07/06/1995, , ,No,
6-220031,98,04/18/1994,12/01/1995, , ,No,
6-220032,559,06/30/1992,06/30/1992, , ,No,
6-220038,713,06/27/1995,12/12/1995, , ,No,
6-220041,714,12/14/1993,12/14/1993, , ,No,
6-220044,715,06/30/1992,06/30/1992, , ,No,
6-220058,561,11/10/1993,07/01/1994, , ,No,
6-220059,716,06/22/1994,12/15/1994, , ,No,
6-220613,95,05/23/1994,04/06/2017,01/09/1997,04/06/2017,Yes,
6-220616,94,07/22/1993,08/31/1999, , ,No,
6-220620,2325,06/20/2018, ,06/20/2018, ,No,
6-220622,1304,10/11/1996, ,11/25/1997, ,No,
6-220624,1145,09/08/2003,01/21/2004, , ,No,
6-220632,2285,11/16/1994,09/01/1995, , ,No,
6-260009,1287,06/08/1998,06/08/1998,06/08/1998, ,No,
6-260024,2302,12/02/2015,11/09/2018,10/14/2016,11/09/2018,No,
6-260029,102,04/14/1993,11/18/1997, , ,No,
6-260039,1092,11/04/1998,10/23/2008, , ,No,
6-260041,747,06/30/1992,04/01/1993, , ,No,
6-260050,748,11/07/1995,12/01/1995, , ,No,
6-260056,1284,11/01/1997,07/19/1999,03/01/1999, ,No,
6-260064,1593,09/10/2008,08/12/2021,03/30/2009,08/18/2021,Yes,
6-260610,935,11/23/1992,01/10/1996, , ,No,
6-300002,685,09/15/1994,08/29/1996, , ,No,
6-300021,123,09/01/1989,01/28/1999, , ,No,
6-300025,686,11/15/1994,10/02/1995, , ,No,
6-300025,687,11/16/1992,07/01/1995, , ,No,
6-300027,1213,11/15/1994,05/22/1996,11/15/1994, ,No,
6-300028,1346,08/23/2001,08/23/2001, , ,No,
6-300033,124,06/29/1994,07/03/2012, , ,Yes,
6-300039,688,06/30/1992,09/01/1992, , ,No,
6-300046,936,06/30/1992,06/30/1992, , ,No,
6-300047,125,06/30/1993, ,06/30/1993, ,No,
6-300049,689,06/30/1992,06/02/1997, , ,No,
6-300051,1334,08/30/2005,03/01/2006, , ,No,
6-300602,684,06/30/1992,06/30/1992, , ,No,
6-300611,1643,11/02/1992,11/19/1997, , ,No,
6-300612,690,04/17/1995,05/08/1996, , ,No,
6-330005,2261,05/23/2005,12/22/2015,08/02/2005,12/22/2015,No,
6-330015,1139,03/26/2004,07/07/2004, , ,No,
6-330024,1079,11/24/1998, ,11/16/1999, ,No,
6-330033,1308,12/02/1999,02/14/2000, , ,No,
6-330034,1819,06/02/2010,06/18/2010,06/02/2010, ,No,
6-330046,695,06/30/1992,09/01/1994, , ,No,
6-330046,1345,07/12/2001,09/12/2001, , ,No,
6-330047,1618,11/29/1995,04/24/1998, , ,No,
6-330059,126,09/15/1992,05/05/1997, , ,No,
6-330059,696,09/15/1992,03/01/1993, , ,No,
6-330606,864,02/17/1998,05/30/2017,12/24/1998,06/26/2017,Yes,
6-330615,697,05/05/1994,07/01/1994, , ,No,
6-330627,1274,05/06/1999,08/17/2017,06/16/1999,09/11/2017,No,
6-410008,848,11/14/1995,12/01/1995, , ,No,
6-410602,2398,07/19/2022,08/17/2022,07/19/2022, ,No,
